#
# There is insufficient memory for the Java Runtime Environment to continue.
# Native memory allocation (malloc) failed to allocate 1204736 bytes. Error detail: Chunk::new
# Possible reasons:
#   The system is out of physical RAM or swap space
#   This process is running with CompressedOops enabled, and the Java Heap may be blocking the growth of the native heap
# Possible solutions:
#   Reduce memory load on the system
#   Increase physical memory or swap space
#   Check if swap backing store is full
#   Decrease Java heap size (-Xmx/-Xms)
#   Decrease number of Java threads
#   Decrease Java thread stack sizes (-Xss)
#   Set larger code cache with -XX:ReservedCodeCacheSize=
#   JVM is running with Unscaled Compressed Oops mode in which the Java heap is
#     placed in the first 4GB address space. The Java Heap base address is the
#     maximum limit for the native heap growth. Please use -XX:HeapBaseMinAddress
#     to set the Java Heap base and to place the Java Heap above 4GB virtual address.
# This output file may be truncated or incomplete.
#
#  Out of Memory Error (arena.cpp:168), pid=101648, tid=81284
#
# JRE version: OpenJDK Runtime Environment (21.0.3) (build 21.0.3+-12282718-b509.11)
# Java VM: OpenJDK 64-Bit Server VM (21.0.3+-12282718-b509.11, mixed mode, tiered, compressed oops, compressed class ptrs, g1 gc, windows-amd64)
# No core dump will be written. Minidumps are not enabled by default on client versions of Windows
#

---------------  S U M M A R Y ------------

Command Line: --add-opens=java.base/java.util=ALL-UNNAMED --add-opens=java.base/java.lang=ALL-UNNAMED --add-opens=java.base/java.lang.invoke=ALL-UNNAMED --add-opens=java.prefs/java.util.prefs=ALL-UNNAMED --add-exports=jdk.compiler/com.sun.tools.javac.api=ALL-UNNAMED --add-exports=jdk.compiler/com.sun.tools.javac.util=ALL-UNNAMED --add-opens=java.base/java.nio.charset=ALL-UNNAMED --add-opens=java.base/java.net=ALL-UNNAMED --add-opens=java.base/java.util.concurrent.atomic=ALL-UNNAMED -Xmx768m -Dfile.encoding=UTF-8 -Duser.country=CN -Duser.language=zh -Duser.variant -javaagent:C:\Users\11980\.gradle\wrapper\dists\gradle-8.9-bin\90cnw93cvbtalezasaz0blq0a\gradle-8.9\lib\agents\gradle-instrumentation-agent-8.9.jar org.gradle.launcher.daemon.bootstrap.GradleDaemon 8.9

Host: 12th Gen Intel(R) Core(TM) i7-12700KF, 20 cores, 31G,  Windows 11 , 64 bit Build 26100 (10.0.26100.8246)
Time: Tue May  5 13:33:28 2026  Windows 11 , 64 bit Build 26100 (10.0.26100.8246) elapsed time: 18.153331 seconds (0d 0h 0m 18s)

---------------  T H R E A D  ---------------

Current thread (0x0000014178961b40):  JavaThread "C2 CompilerThread1" daemon [_thread_in_native, id=81284, stack(0x0000003452900000,0x0000003452a00000) (1024K)]


Current CompileTask:
C2:  18153 23054       4       org.jetbrains.kotlin.resolve.calls.tower.AbstractSimpleScopeTowerProcessor::createCandidates (101 bytes)

Stack: [0x0000003452900000,0x0000003452a00000]
Native frames: (J=compiled Java code, j=interpreted, Vv=VM code, C=native code)
V  [jvm.dll+0x6cafb9]
V  [jvm.dll+0x858523]
V  [jvm.dll+0x85aa7e]
V  [jvm.dll+0x85b163]
V  [jvm.dll+0x27d356]
V  [jvm.dll+0xbf93d]
V  [jvm.dll+0xbfe73]
V  [jvm.dll+0x3b1ceb]
V  [jvm.dll+0x1dde94]
V  [jvm.dll+0x246c54]
V  [jvm.dll+0x2460d1]
V  [jvm.dll+0x1c5804]
V  [jvm.dll+0x25575c]
V  [jvm.dll+0x253c36]
V  [jvm.dll+0x3ec996]
V  [jvm.dll+0x800d78]
V  [jvm.dll+0x6c98cd]
C  [ucrtbase.dll+0x37b0]
C  [KERNEL32.DLL+0x2e8d7]
C  [ntdll.dll+0x8c3fc]


---------------  P R O C E S S  ---------------

Threads class SMR info:
_java_thread_list=0x0000014178f2e5b0, length=55, elements={
0x000001414c937670, 0x0000014165cbc5d0, 0x0000014165c6fcf0, 0x0000014165c9b290,
0x0000014165c9bcf0, 0x0000014165c9c750, 0x0000014165c9d2e0, 0x0000014165ced280,
0x0000014165ca7d60, 0x0000014165e1cf70, 0x0000014165e0c6a0, 0x0000014165d0d390,
0x000001416a1ba220, 0x000001416bfec410, 0x000001416bf198b0, 0x000001416c037ce0,
0x000001416c037400, 0x000001416c3875b0, 0x000001416c38cca0, 0x000001416c3ce9e0,
0x000001416c37f2e0, 0x000001416c380d20, 0x000001416c380000, 0x000001416c37ec50,
0x000001416c380690, 0x000001416c3813b0, 0x000001416c37f970, 0x000001416c37e5c0,
0x000001416ecf8f60, 0x000001416ecf6e90, 0x000001416ecf5ae0, 0x000001416ecf95f0,
0x000001416ecf6800, 0x000001416ecf7520, 0x000001416ecf6170, 0x000001416ecfbd50,
0x000001416ecfc3e0, 0x0000014171fa8410, 0x0000014171fa9130, 0x0000014171fa7060,
0x0000014171bf8b70, 0x0000014171bf7e50, 0x0000014171faab70, 0x0000014171d0cc40,
0x0000014171d0b200, 0x0000014171d0d2d0, 0x0000014171d0bf20, 0x0000014171d0b890,
0x0000014171d09e50, 0x0000014171d0ab70, 0x0000014171d0e680, 0x0000014178961b40,
0x0000014178962210, 0x000001416f3dd0c0, 0x000001416f3dec00
}

Java Threads: ( => current thread )
  0x000001414c937670 JavaThread "main"                              [_thread_blocked, id=67016, stack(0x0000003451500000,0x0000003451600000) (1024K)]
  0x0000014165cbc5d0 JavaThread "Reference Handler"          daemon [_thread_blocked, id=13796, stack(0x0000003451d00000,0x0000003451e00000) (1024K)]
  0x0000014165c6fcf0 JavaThread "Finalizer"                  daemon [_thread_blocked, id=113300, stack(0x0000003451e00000,0x0000003451f00000) (1024K)]
  0x0000014165c9b290 JavaThread "Signal Dispatcher"          daemon [_thread_blocked, id=104704, stack(0x0000003451f00000,0x0000003452000000) (1024K)]
  0x0000014165c9bcf0 JavaThread "Attach Listener"            daemon [_thread_blocked, id=109464, stack(0x0000003452000000,0x0000003452100000) (1024K)]
  0x0000014165c9c750 JavaThread "Service Thread"             daemon [_thread_blocked, id=28868, stack(0x0000003452100000,0x0000003452200000) (1024K)]
  0x0000014165c9d2e0 JavaThread "Monitor Deflation Thread"   daemon [_thread_blocked, id=99136, stack(0x0000003452200000,0x0000003452300000) (1024K)]
  0x0000014165ced280 JavaThread "C2 CompilerThread0"         daemon [_thread_blocked, id=73344, stack(0x0000003452300000,0x0000003452400000) (1024K)]
  0x0000014165ca7d60 JavaThread "C1 CompilerThread0"         daemon [_thread_blocked, id=112168, stack(0x0000003452400000,0x0000003452500000) (1024K)]
  0x0000014165e1cf70 JavaThread "Common-Cleaner"             daemon [_thread_blocked, id=112232, stack(0x0000003452500000,0x0000003452600000) (1024K)]
  0x0000014165e0c6a0 JavaThread "C1 CompilerThread1"         daemon [_thread_blocked, id=84788, stack(0x0000003452600000,0x0000003452700000) (1024K)]
  0x0000014165d0d390 JavaThread "C1 CompilerThread2"         daemon [_thread_blocked, id=89216, stack(0x0000003452700000,0x0000003452800000) (1024K)]
  0x000001416a1ba220 JavaThread "Notification Thread"        daemon [_thread_blocked, id=98064, stack(0x0000003452800000,0x0000003452900000) (1024K)]
  0x000001416bfec410 JavaThread "C1 CompilerThread3"         daemon [_thread_in_native, id=111420, stack(0x0000003452a00000,0x0000003452b00000) (1024K)]
  0x000001416bf198b0 JavaThread "Daemon health stats"               [_thread_blocked, id=112064, stack(0x0000003453600000,0x0000003453700000) (1024K)]
  0x000001416c037ce0 JavaThread "Incoming local TCP Connector on port 63401"        [_thread_in_native, id=81976, stack(0x0000003453700000,0x0000003453800000) (1024K)]
  0x000001416c037400 JavaThread "Daemon periodic checks"            [_thread_blocked, id=63092, stack(0x0000003453800000,0x0000003453900000) (1024K)]
  0x000001416c3875b0 JavaThread "Daemon"                            [_thread_blocked, id=90060, stack(0x0000003453900000,0x0000003453a00000) (1024K)]
  0x000001416c38cca0 JavaThread "Handler for socket connection from /127.0.0.1:63401 to /127.0.0.1:63402"        [_thread_in_native, id=47720, stack(0x0000003453a00000,0x0000003453b00000) (1024K)]
  0x000001416c3ce9e0 JavaThread "Cancel handler"                    [_thread_blocked, id=110652, stack(0x0000003453b00000,0x0000003453c00000) (1024K)]
  0x000001416c37f2e0 JavaThread "Daemon worker"                     [_thread_blocked, id=97684, stack(0x0000003453c00000,0x0000003453d00000) (1024K)]
  0x000001416c380d20 JavaThread "Asynchronous log dispatcher for DefaultDaemonConnection: socket connection from /127.0.0.1:63401 to /127.0.0.1:63402"        [_thread_blocked, id=112968, stack(0x0000003453d00000,0x0000003453e00000) (1024K)]
  0x000001416c380000 JavaThread "Stdin handler"                     [_thread_blocked, id=103760, stack(0x0000003453e00000,0x0000003453f00000) (1024K)]
  0x000001416c37ec50 JavaThread "Daemon client event forwarder"        [_thread_blocked, id=90484, stack(0x0000003453f00000,0x0000003454000000) (1024K)]
  0x000001416c380690 JavaThread "Cache worker for journal cache (C:\Users\11980\.gradle\caches\journal-1)"        [_thread_blocked, id=108408, stack(0x0000003454600000,0x0000003454700000) (1024K)]
  0x000001416c3813b0 JavaThread "File lock request listener"        [_thread_in_native, id=112668, stack(0x0000003454700000,0x0000003454800000) (1024K)]
  0x000001416c37f970 JavaThread "Cache worker for file hash cache (C:\Users\11980\.gradle\caches\8.9\fileHashes)"        [_thread_blocked, id=113256, stack(0x0000003454800000,0x0000003454900000) (1024K)]
  0x000001416c37e5c0 JavaThread "Cache worker for file hash cache (E:\Code\Android\AndroidProjects\EnvScope\.gradle\8.9\fileHashes)"        [_thread_blocked, id=101388, stack(0x0000003454a00000,0x0000003454b00000) (1024K)]
  0x000001416ecf8f60 JavaThread "Cache worker for Build Output Cleanup Cache (E:\Code\Android\AndroidProjects\EnvScope\.gradle\buildOutputCleanup)"        [_thread_blocked, id=111640, stack(0x0000003454b00000,0x0000003454c00000) (1024K)]
  0x000001416ecf6e90 JavaThread "File watcher server"        daemon [_thread_in_native, id=112964, stack(0x0000003454900000,0x0000003454a00000) (1024K)]
  0x000001416ecf5ae0 JavaThread "File watcher consumer"      daemon [_thread_blocked, id=111916, stack(0x0000003454c00000,0x0000003454d00000) (1024K)]
  0x000001416ecf95f0 JavaThread "Cache worker for checksums cache (E:\Code\Android\AndroidProjects\EnvScope\.gradle\8.9\checksums)"        [_thread_blocked, id=59868, stack(0x0000003454d00000,0x0000003454e00000) (1024K)]
  0x000001416ecf6800 JavaThread "Cache worker for file content cache (C:\Users\11980\.gradle\caches\8.9\fileContent)"        [_thread_blocked, id=96340, stack(0x0000003454e00000,0x0000003454f00000) (1024K)]
  0x000001416ecf7520 JavaThread "Cache worker for cache directory md-rule (C:\Users\11980\.gradle\caches\8.9\md-rule)"        [_thread_blocked, id=109280, stack(0x0000003454f00000,0x0000003455000000) (1024K)]
  0x000001416ecf6170 JavaThread "Cache worker for cache directory md-supplier (C:\Users\11980\.gradle\caches\8.9\md-supplier)"        [_thread_blocked, id=94320, stack(0x0000003455000000,0x0000003455100000) (1024K)]
  0x000001416ecfbd50 JavaThread "Unconstrained build operations"        [_thread_blocked, id=113020, stack(0x0000003455400000,0x0000003455500000) (1024K)]
  0x000001416ecfc3e0 JavaThread "Unconstrained build operations Thread 2"        [_thread_blocked, id=102948, stack(0x0000003455500000,0x0000003455600000) (1024K)]
  0x0000014171fa8410 JavaThread "Unconstrained build operations Thread 3"        [_thread_blocked, id=105708, stack(0x0000003455600000,0x0000003455700000) (1024K)]
  0x0000014171fa9130 JavaThread "Memory manager"                    [_thread_blocked, id=85924, stack(0x0000003455200000,0x0000003455300000) (1024K)]
  0x0000014171fa7060 JavaThread "build event listener"              [_thread_blocked, id=90924, stack(0x0000003455300000,0x0000003455400000) (1024K)]
  0x0000014171bf8b70 JavaThread "included builds"                   [_thread_blocked, id=112172, stack(0x0000003455700000,0x0000003455800000) (1024K)]
  0x0000014171bf7e50 JavaThread "Cache worker for execution history cache (E:\Code\Android\AndroidProjects\EnvScope\.gradle\8.9\executionHistory)"        [_thread_blocked, id=100720, stack(0x0000003455800000,0x0000003455900000) (1024K)]
  0x0000014171faab70 JavaThread "Unconstrained build operations Thread 4"        [_thread_blocked, id=75704, stack(0x0000003455900000,0x0000003455a00000) (1024K)]
  0x0000014171d0cc40 JavaThread "Unconstrained build operations Thread 5"        [_thread_blocked, id=73032, stack(0x0000003455a00000,0x0000003455b00000) (1024K)]
  0x0000014171d0b200 JavaThread "Unconstrained build operations Thread 6"        [_thread_blocked, id=106980, stack(0x0000003455b00000,0x0000003455c00000) (1024K)]
  0x0000014171d0d2d0 JavaThread "Unconstrained build operations Thread 7"        [_thread_blocked, id=113068, stack(0x0000003455c00000,0x0000003455d00000) (1024K)]
  0x0000014171d0bf20 JavaThread "Unconstrained build operations Thread 8"        [_thread_blocked, id=61328, stack(0x0000003455d00000,0x0000003455e00000) (1024K)]
  0x0000014171d0b890 JavaThread "Unconstrained build operations Thread 9"        [_thread_blocked, id=105992, stack(0x0000003455e00000,0x0000003455f00000) (1024K)]
  0x0000014171d09e50 JavaThread "Unconstrained build operations Thread 10"        [_thread_blocked, id=106292, stack(0x0000003455f00000,0x0000003456000000) (1024K)]
  0x0000014171d0ab70 JavaThread "WorkerExecutor Queue"              [_thread_blocked, id=72940, stack(0x0000003456000000,0x0000003456100000) (1024K)]
  0x0000014171d0e680 JavaThread "pool-2-thread-1"                   [_thread_in_Java, id=113564, stack(0x0000003456100000,0x0000003456200000) (1024K)]
=>0x0000014178961b40 JavaThread "C2 CompilerThread1"         daemon [_thread_in_native, id=81284, stack(0x0000003452900000,0x0000003452a00000) (1024K)]
  0x0000014178962210 JavaThread "C2 CompilerThread2"         daemon [_thread_blocked, id=77864, stack(0x0000003455100000,0x0000003455200000) (1024K)]
  0x000001416f3dd0c0 JavaThread "C2 CompilerThread3"         daemon [_thread_in_native, id=105980, stack(0x0000003456200000,0x0000003456300000) (1024K)]
  0x000001416f3dec00 JavaThread "C2 CompilerThread4"         daemon [_thread_in_native, id=77148, stack(0x0000003456300000,0x0000003456400000) (1024K)]
Total: 55

Other Threads:
  0x0000014165a9eb00 VMThread "VM Thread"                           [id=79616, stack(0x0000003451c00000,0x0000003451d00000) (1024K)]
  0x0000014165bbca10 WatcherThread "VM Periodic Task Thread"        [id=106144, stack(0x0000003451b00000,0x0000003451c00000) (1024K)]
  0x000001414c9fb780 WorkerThread "GC Thread#0"                     [id=96596, stack(0x0000003451600000,0x0000003451700000) (1024K)]
  0x000001416a61a070 WorkerThread "GC Thread#1"                     [id=73900, stack(0x0000003452b00000,0x0000003452c00000) (1024K)]
  0x000001416adf0380 WorkerThread "GC Thread#2"                     [id=75288, stack(0x0000003452c00000,0x0000003452d00000) (1024K)]
  0x000001416adf0720 WorkerThread "GC Thread#3"                     [id=110120, stack(0x0000003452d00000,0x0000003452e00000) (1024K)]
  0x000001416a7fe620 WorkerThread "GC Thread#4"                     [id=107568, stack(0x0000003452e00000,0x0000003452f00000) (1024K)]
  0x000001416a7fe9c0 WorkerThread "GC Thread#5"                     [id=113628, stack(0x0000003452f00000,0x0000003453000000) (1024K)]
  0x000001416a488480 WorkerThread "GC Thread#6"                     [id=112860, stack(0x0000003453000000,0x0000003453100000) (1024K)]
  0x000001416a488820 WorkerThread "GC Thread#7"                     [id=95572, stack(0x0000003453100000,0x0000003453200000) (1024K)]
  0x000001416a26b940 WorkerThread "GC Thread#8"                     [id=87912, stack(0x0000003453200000,0x0000003453300000) (1024K)]
  0x000001416a26bce0 WorkerThread "GC Thread#9"                     [id=98048, stack(0x0000003453300000,0x0000003453400000) (1024K)]
  0x000001416a4a2e20 WorkerThread "GC Thread#10"                    [id=86580, stack(0x0000003453400000,0x0000003453500000) (1024K)]
  0x000001416ade2370 WorkerThread "GC Thread#11"                    [id=70424, stack(0x0000003453500000,0x0000003453600000) (1024K)]
  0x000001416ade1890 WorkerThread "GC Thread#12"                    [id=112028, stack(0x0000003454000000,0x0000003454100000) (1024K)]
  0x000001416ade2e50 WorkerThread "GC Thread#13"                    [id=83328, stack(0x0000003454100000,0x0000003454200000) (1024K)]
  0x000001416ade1c30 WorkerThread "GC Thread#14"                    [id=91148, stack(0x0000003454200000,0x0000003454300000) (1024K)]
  0x000001414ede5c70 ConcurrentGCThread "G1 Main Marker"            [id=37380, stack(0x0000003451700000,0x0000003451800000) (1024K)]
  0x000001414c9fdc10 WorkerThread "G1 Conc#0"                       [id=95784, stack(0x0000003451800000,0x0000003451900000) (1024K)]
  0x000001416ade31f0 WorkerThread "G1 Conc#1"                       [id=106528, stack(0x0000003454300000,0x0000003454400000) (1024K)]
  0x000001416ade1fd0 WorkerThread "G1 Conc#2"                       [id=84304, stack(0x0000003454400000,0x0000003454500000) (1024K)]
  0x000001416c31ee60 WorkerThread "G1 Conc#3"                       [id=113384, stack(0x0000003454500000,0x0000003454600000) (1024K)]
  0x0000014165a42040 ConcurrentGCThread "G1 Refine#0"               [id=112468, stack(0x0000003451900000,0x0000003451a00000) (1024K)]
  0x0000014165a44880 ConcurrentGCThread "G1 Service"                [id=86956, stack(0x0000003451a00000,0x0000003451b00000) (1024K)]
Total: 24

Threads with active compile tasks:
C2 CompilerThread1    18165 23054       4       org.jetbrains.kotlin.resolve.calls.tower.AbstractSimpleScopeTowerProcessor::createCandidates (101 bytes)
C2 CompilerThread3    18165 23205       4       org.jetbrains.kotlin.resolve.calls.tower.NoExplicitReceiverScopeTowerProcessor::simpleProcess (947 bytes)
C2 CompilerThread4    18165 23353       4       org.jetbrains.kotlin.com.intellij.lang.impl.PsiBuilderImpl::getCurrentOffset (27 bytes)
Total: 3

VM state: not at safepoint (normal execution)

VM Mutex/Monitor currently owned by a thread: None

Heap address: 0x00000000d0000000, size: 768 MB, Compressed Oops mode: 32-bit

CDS archive(s) not mapped
Compressed class space mapped at: 0x0000000100000000-0x0000000140000000, reserved size: 1073741824
Narrow klass base: 0x0000000000000000, Narrow klass shift: 3, Narrow klass range: 0x140000000

GC Precious Log:
 CardTable entry size: 512
 Card Set container configuration: InlinePtr #cards 5 size 8 Array Of Cards #cards 12 size 40 Howl #buckets 4 coarsen threshold 1843 Howl Bitmap #cards 512 size 80 coarsen threshold 460 Card regions per heap region 1 cards per card region 2048
 CPUs: 20 total, 20 available
 Memory: 32581M
 Large Page Support: Disabled
 NUMA Support: Disabled
 Compressed Oops: Enabled (32-bit)
 Heap Region Size: 1M
 Heap Min Capacity: 8M
 Heap Initial Capacity: 510M
 Heap Max Capacity: 768M
 Pre-touch: Disabled
 Parallel Workers: 15
 Concurrent Workers: 4
 Concurrent Refinement Workers: 15
 Periodic GC: Disabled

Heap:
 garbage-first heap   total 278528K, used 224668K [0x00000000d0000000, 0x0000000100000000)
  region size 1024K, 71 young (72704K), 9 survivors (9216K)
 Metaspace       used 169509K, committed 172032K, reserved 1245184K
  class space    used 22165K, committed 23424K, reserved 1048576K

Heap Regions: E=young(eden), S=young(survivor), O=old, HS=humongous(starts), HC=humongous(continues), CS=collection set, F=free, TAMS=top-at-mark-start, PB=parsable bottom
|   0|0x00000000d0000000, 0x00000000d0100000, 0x00000000d0100000|100%|HS|  |TAMS 0x00000000d0000000| PB 0x00000000d0000000| Complete 
|   1|0x00000000d0100000, 0x00000000d0200000, 0x00000000d0200000|100%|HC|  |TAMS 0x00000000d0100000| PB 0x00000000d0100000| Complete 
|   2|0x00000000d0200000, 0x00000000d0300000, 0x00000000d0300000|100%|HC|  |TAMS 0x00000000d0200000| PB 0x00000000d0200000| Complete 
|   3|0x00000000d0300000, 0x00000000d0400000, 0x00000000d0400000|100%|HC|  |TAMS 0x00000000d0300000| PB 0x00000000d0300000| Complete 
|   4|0x00000000d0400000, 0x00000000d0500000, 0x00000000d0500000|100%| O|  |TAMS 0x00000000d0400000| PB 0x00000000d0400000| Untracked 
|   5|0x00000000d0500000, 0x00000000d0600000, 0x00000000d0600000|100%| O|  |TAMS 0x00000000d0500000| PB 0x00000000d0500000| Untracked 
|   6|0x00000000d0600000, 0x00000000d0700000, 0x00000000d0700000|100%| O|  |TAMS 0x00000000d0600000| PB 0x00000000d0600000| Untracked 
|   7|0x00000000d0700000, 0x00000000d0800000, 0x00000000d0800000|100%| O|  |TAMS 0x00000000d0700000| PB 0x00000000d0700000| Untracked 
|   8|0x00000000d0800000, 0x00000000d0900000, 0x00000000d0900000|100%| O|  |TAMS 0x00000000d0800000| PB 0x00000000d0800000| Untracked 
|   9|0x00000000d0900000, 0x00000000d0a00000, 0x00000000d0a00000|100%| O|  |TAMS 0x00000000d0900000| PB 0x00000000d0900000| Untracked 
|  10|0x00000000d0a00000, 0x00000000d0b00000, 0x00000000d0b00000|100%| O|  |TAMS 0x00000000d0a00000| PB 0x00000000d0a00000| Untracked 
|  11|0x00000000d0b00000, 0x00000000d0c00000, 0x00000000d0c00000|100%|HS|  |TAMS 0x00000000d0b00000| PB 0x00000000d0b00000| Complete 
|  12|0x00000000d0c00000, 0x00000000d0d00000, 0x00000000d0d00000|100%| O|  |TAMS 0x00000000d0c00000| PB 0x00000000d0c00000| Untracked 
|  13|0x00000000d0d00000, 0x00000000d0e00000, 0x00000000d0e00000|100%| O|  |TAMS 0x00000000d0d00000| PB 0x00000000d0d00000| Untracked 
|  14|0x00000000d0e00000, 0x00000000d0f00000, 0x00000000d0f00000|100%| O|  |TAMS 0x00000000d0e00000| PB 0x00000000d0e00000| Untracked 
|  15|0x00000000d0f00000, 0x00000000d1000000, 0x00000000d1000000|100%| O|  |TAMS 0x00000000d0f00000| PB 0x00000000d0f00000| Untracked 
|  16|0x00000000d1000000, 0x00000000d1100000, 0x00000000d1100000|100%| O|  |TAMS 0x00000000d1000000| PB 0x00000000d1000000| Untracked 
|  17|0x00000000d1100000, 0x00000000d1200000, 0x00000000d1200000|100%| O|  |TAMS 0x00000000d1100000| PB 0x00000000d1100000| Untracked 
|  18|0x00000000d1200000, 0x00000000d1300000, 0x00000000d1300000|100%| O|  |TAMS 0x00000000d1200000| PB 0x00000000d1200000| Untracked 
|  19|0x00000000d1300000, 0x00000000d1400000, 0x00000000d1400000|100%| O|  |TAMS 0x00000000d1300000| PB 0x00000000d1300000| Untracked 
|  20|0x00000000d1400000, 0x00000000d1500000, 0x00000000d1500000|100%| O|  |TAMS 0x00000000d1400000| PB 0x00000000d1400000| Untracked 
|  21|0x00000000d1500000, 0x00000000d1600000, 0x00000000d1600000|100%| O|  |TAMS 0x00000000d1500000| PB 0x00000000d1500000| Untracked 
|  22|0x00000000d1600000, 0x00000000d1700000, 0x00000000d1700000|100%|HS|  |TAMS 0x00000000d1600000| PB 0x00000000d1600000| Complete 
|  23|0x00000000d1700000, 0x00000000d1800000, 0x00000000d1800000|100%| O|  |TAMS 0x00000000d1700000| PB 0x00000000d1700000| Untracked 
|  24|0x00000000d1800000, 0x00000000d1900000, 0x00000000d1900000|100%| O|  |TAMS 0x00000000d1800000| PB 0x00000000d1800000| Untracked 
|  25|0x00000000d1900000, 0x00000000d1a00000, 0x00000000d1a00000|100%| O|  |TAMS 0x00000000d1900000| PB 0x00000000d1900000| Untracked 
|  26|0x00000000d1a00000, 0x00000000d1b00000, 0x00000000d1b00000|100%| O|  |TAMS 0x00000000d1a00000| PB 0x00000000d1a00000| Untracked 
|  27|0x00000000d1b00000, 0x00000000d1c00000, 0x00000000d1c00000|100%| O|  |TAMS 0x00000000d1b00000| PB 0x00000000d1b00000| Untracked 
|  28|0x00000000d1c00000, 0x00000000d1d00000, 0x00000000d1d00000|100%| O|  |TAMS 0x00000000d1c00000| PB 0x00000000d1c00000| Untracked 
|  29|0x00000000d1d00000, 0x00000000d1e00000, 0x00000000d1e00000|100%| O|  |TAMS 0x00000000d1d00000| PB 0x00000000d1d00000| Untracked 
|  30|0x00000000d1e00000, 0x00000000d1f00000, 0x00000000d1f00000|100%| O|  |TAMS 0x00000000d1e00000| PB 0x00000000d1e00000| Untracked 
|  31|0x00000000d1f00000, 0x00000000d2000000, 0x00000000d2000000|100%| O|  |TAMS 0x00000000d1f00000| PB 0x00000000d1f00000| Untracked 
|  32|0x00000000d2000000, 0x00000000d2100000, 0x00000000d2100000|100%| O|  |TAMS 0x00000000d2000000| PB 0x00000000d2000000| Untracked 
|  33|0x00000000d2100000, 0x00000000d2200000, 0x00000000d2200000|100%| O|  |TAMS 0x00000000d2100000| PB 0x00000000d2100000| Untracked 
|  34|0x00000000d2200000, 0x00000000d2300000, 0x00000000d2300000|100%| O|  |TAMS 0x00000000d2200000| PB 0x00000000d2200000| Untracked 
|  35|0x00000000d2300000, 0x00000000d2400000, 0x00000000d2400000|100%| O|  |TAMS 0x00000000d2300000| PB 0x00000000d2300000| Untracked 
|  36|0x00000000d2400000, 0x00000000d2500000, 0x00000000d2500000|100%|HS|  |TAMS 0x00000000d2400000| PB 0x00000000d2400000| Complete 
|  37|0x00000000d2500000, 0x00000000d2600000, 0x00000000d2600000|100%|HS|  |TAMS 0x00000000d2500000| PB 0x00000000d2500000| Complete 
|  38|0x00000000d2600000, 0x00000000d2700000, 0x00000000d2700000|100%|HC|  |TAMS 0x00000000d2600000| PB 0x00000000d2600000| Complete 
|  39|0x00000000d2700000, 0x00000000d2800000, 0x00000000d2800000|100%|HS|  |TAMS 0x00000000d2700000| PB 0x00000000d2700000| Complete 
|  40|0x00000000d2800000, 0x00000000d2900000, 0x00000000d2900000|100%|HC|  |TAMS 0x00000000d2800000| PB 0x00000000d2800000| Complete 
|  41|0x00000000d2900000, 0x00000000d2a00000, 0x00000000d2a00000|100%|HS|  |TAMS 0x00000000d2900000| PB 0x00000000d2900000| Complete 
|  42|0x00000000d2a00000, 0x00000000d2ae54b8, 0x00000000d2b00000| 89%| O|  |TAMS 0x00000000d2a00000| PB 0x00000000d2a00000| Untracked 
|  43|0x00000000d2b00000, 0x00000000d2c00000, 0x00000000d2c00000|100%|HS|  |TAMS 0x00000000d2b00000| PB 0x00000000d2b00000| Complete 
|  44|0x00000000d2c00000, 0x00000000d2d00000, 0x00000000d2d00000|100%|HC|  |TAMS 0x00000000d2c00000| PB 0x00000000d2c00000| Complete 
|  45|0x00000000d2d00000, 0x00000000d2e00000, 0x00000000d2e00000|100%|HC|  |TAMS 0x00000000d2d00000| PB 0x00000000d2d00000| Complete 
|  46|0x00000000d2e00000, 0x00000000d2f00000, 0x00000000d2f00000|100%|HC|  |TAMS 0x00000000d2e00000| PB 0x00000000d2e00000| Complete 
|  47|0x00000000d2f00000, 0x00000000d3000000, 0x00000000d3000000|100%|HS|  |TAMS 0x00000000d2f00000| PB 0x00000000d2f00000| Complete 
|  48|0x00000000d3000000, 0x00000000d3100000, 0x00000000d3100000|100%| O|  |TAMS 0x00000000d3000000| PB 0x00000000d3000000| Untracked 
|  49|0x00000000d3100000, 0x00000000d3200000, 0x00000000d3200000|100%|HS|  |TAMS 0x00000000d3100000| PB 0x00000000d3100000| Complete 
|  50|0x00000000d3200000, 0x00000000d3300000, 0x00000000d3300000|100%|HS|  |TAMS 0x00000000d3200000| PB 0x00000000d3200000| Complete 
|  51|0x00000000d3300000, 0x00000000d3400000, 0x00000000d3400000|100%|HS|  |TAMS 0x00000000d3300000| PB 0x00000000d3300000| Complete 
|  52|0x00000000d3400000, 0x00000000d3500000, 0x00000000d3500000|100%|HC|  |TAMS 0x00000000d3400000| PB 0x00000000d3400000| Complete 
|  53|0x00000000d3500000, 0x00000000d3600000, 0x00000000d3600000|100%|HC|  |TAMS 0x00000000d3500000| PB 0x00000000d3500000| Complete 
|  54|0x00000000d3600000, 0x00000000d3700000, 0x00000000d3700000|100%|HC|  |TAMS 0x00000000d3600000| PB 0x00000000d3600000| Complete 
|  55|0x00000000d3700000, 0x00000000d3800000, 0x00000000d3800000|100%|HS|  |TAMS 0x00000000d3700000| PB 0x00000000d3700000| Complete 
|  56|0x00000000d3800000, 0x00000000d3900000, 0x00000000d3900000|100%| O|  |TAMS 0x00000000d3800000| PB 0x00000000d3800000| Untracked 
|  57|0x00000000d3900000, 0x00000000d3a00000, 0x00000000d3a00000|100%| O|  |TAMS 0x00000000d3900000| PB 0x00000000d3900000| Untracked 
|  58|0x00000000d3a00000, 0x00000000d3b00000, 0x00000000d3b00000|100%| O|  |TAMS 0x00000000d3a00000| PB 0x00000000d3a00000| Untracked 
|  59|0x00000000d3b00000, 0x00000000d3c00000, 0x00000000d3c00000|100%| O|  |TAMS 0x00000000d3b00000| PB 0x00000000d3b00000| Untracked 
|  60|0x00000000d3c00000, 0x00000000d3d00000, 0x00000000d3d00000|100%| O|  |TAMS 0x00000000d3c00000| PB 0x00000000d3c00000| Untracked 
|  61|0x00000000d3d00000, 0x00000000d3e00000, 0x00000000d3e00000|100%| O|  |TAMS 0x00000000d3d00000| PB 0x00000000d3d00000| Untracked 
|  62|0x00000000d3e00000, 0x00000000d3f00000, 0x00000000d3f00000|100%| O|  |TAMS 0x00000000d3e00000| PB 0x00000000d3e00000| Untracked 
|  63|0x00000000d3f00000, 0x00000000d4000000, 0x00000000d4000000|100%| O|  |TAMS 0x00000000d3f00000| PB 0x00000000d3f00000| Untracked 
|  64|0x00000000d4000000, 0x00000000d4100000, 0x00000000d4100000|100%| O|  |TAMS 0x00000000d4000000| PB 0x00000000d4000000| Untracked 
|  65|0x00000000d4100000, 0x00000000d4200000, 0x00000000d4200000|100%| O|  |TAMS 0x00000000d4100000| PB 0x00000000d4100000| Untracked 
|  66|0x00000000d4200000, 0x00000000d4300000, 0x00000000d4300000|100%| O|  |TAMS 0x00000000d4200000| PB 0x00000000d4200000| Untracked 
|  67|0x00000000d4300000, 0x00000000d4400000, 0x00000000d4400000|100%| O|  |TAMS 0x00000000d4300000| PB 0x00000000d4300000| Untracked 
|  68|0x00000000d4400000, 0x00000000d4500000, 0x00000000d4500000|100%| O|  |TAMS 0x00000000d4400000| PB 0x00000000d4400000| Untracked 
|  69|0x00000000d4500000, 0x00000000d4600000, 0x00000000d4600000|100%| O|Cm|TAMS 0x00000000d4500000| PB 0x00000000d4500000| Complete 
|  70|0x00000000d4600000, 0x00000000d4700000, 0x00000000d4700000|100%| O|  |TAMS 0x00000000d4600000| PB 0x00000000d4600000| Untracked 
|  71|0x00000000d4700000, 0x00000000d4800000, 0x00000000d4800000|100%| O|  |TAMS 0x00000000d4700000| PB 0x00000000d4700000| Untracked 
|  72|0x00000000d4800000, 0x00000000d4900000, 0x00000000d4900000|100%| O|  |TAMS 0x00000000d4800000| PB 0x00000000d4800000| Untracked 
|  73|0x00000000d4900000, 0x00000000d4a00000, 0x00000000d4a00000|100%| O|  |TAMS 0x00000000d4900000| PB 0x00000000d4900000| Untracked 
|  74|0x00000000d4a00000, 0x00000000d4b00000, 0x00000000d4b00000|100%| O|  |TAMS 0x00000000d4a00000| PB 0x00000000d4a00000| Untracked 
|  75|0x00000000d4b00000, 0x00000000d4c00000, 0x00000000d4c00000|100%| O|  |TAMS 0x00000000d4b00000| PB 0x00000000d4b00000| Untracked 
|  76|0x00000000d4c00000, 0x00000000d4d00000, 0x00000000d4d00000|100%| O|  |TAMS 0x00000000d4c00000| PB 0x00000000d4c00000| Untracked 
|  77|0x00000000d4d00000, 0x00000000d4e00000, 0x00000000d4e00000|100%| O|  |TAMS 0x00000000d4d00000| PB 0x00000000d4d00000| Untracked 
|  78|0x00000000d4e00000, 0x00000000d4f00000, 0x00000000d4f00000|100%| O|  |TAMS 0x00000000d4e00000| PB 0x00000000d4e00000| Untracked 
|  79|0x00000000d4f00000, 0x00000000d5000000, 0x00000000d5000000|100%| O|  |TAMS 0x00000000d4f00000| PB 0x00000000d4f00000| Untracked 
|  80|0x00000000d5000000, 0x00000000d5100000, 0x00000000d5100000|100%| O|  |TAMS 0x00000000d5000000| PB 0x00000000d5000000| Untracked 
|  81|0x00000000d5100000, 0x00000000d5200000, 0x00000000d5200000|100%| O|  |TAMS 0x00000000d5100000| PB 0x00000000d5100000| Untracked 
|  82|0x00000000d5200000, 0x00000000d5300000, 0x00000000d5300000|100%| O|  |TAMS 0x00000000d5200000| PB 0x00000000d5200000| Untracked 
|  83|0x00000000d5300000, 0x00000000d5400000, 0x00000000d5400000|100%| O|  |TAMS 0x00000000d5300000| PB 0x00000000d5300000| Untracked 
|  84|0x00000000d5400000, 0x00000000d5500000, 0x00000000d5500000|100%| O|  |TAMS 0x00000000d5400000| PB 0x00000000d5400000| Untracked 
|  85|0x00000000d5500000, 0x00000000d5600000, 0x00000000d5600000|100%| O|  |TAMS 0x00000000d5500000| PB 0x00000000d5500000| Untracked 
|  86|0x00000000d5600000, 0x00000000d5700000, 0x00000000d5700000|100%| O|  |TAMS 0x00000000d5600000| PB 0x00000000d5600000| Untracked 
|  87|0x00000000d5700000, 0x00000000d5800000, 0x00000000d5800000|100%| O|  |TAMS 0x00000000d5700000| PB 0x00000000d5700000| Untracked 
|  88|0x00000000d5800000, 0x00000000d5900000, 0x00000000d5900000|100%| O|  |TAMS 0x00000000d5800000| PB 0x00000000d5800000| Untracked 
|  89|0x00000000d5900000, 0x00000000d5a00000, 0x00000000d5a00000|100%| O|  |TAMS 0x00000000d5900000| PB 0x00000000d5900000| Untracked 
|  90|0x00000000d5a00000, 0x00000000d5b00000, 0x00000000d5b00000|100%| O|  |TAMS 0x00000000d5a00000| PB 0x00000000d5a00000| Untracked 
|  91|0x00000000d5b00000, 0x00000000d5c00000, 0x00000000d5c00000|100%| O|  |TAMS 0x00000000d5b00000| PB 0x00000000d5b00000| Untracked 
|  92|0x00000000d5c00000, 0x00000000d5d00000, 0x00000000d5d00000|100%| O|  |TAMS 0x00000000d5c00000| PB 0x00000000d5c00000| Untracked 
|  93|0x00000000d5d00000, 0x00000000d5e00000, 0x00000000d5e00000|100%| O|  |TAMS 0x00000000d5d00000| PB 0x00000000d5d00000| Untracked 
|  94|0x00000000d5e00000, 0x00000000d5f00000, 0x00000000d5f00000|100%| O|  |TAMS 0x00000000d5e00000| PB 0x00000000d5e00000| Untracked 
|  95|0x00000000d5f00000, 0x00000000d6000000, 0x00000000d6000000|100%| O|  |TAMS 0x00000000d5f00000| PB 0x00000000d5f00000| Untracked 
|  96|0x00000000d6000000, 0x00000000d6100000, 0x00000000d6100000|100%| O|  |TAMS 0x00000000d6000000| PB 0x00000000d6000000| Untracked 
|  97|0x00000000d6100000, 0x00000000d6200000, 0x00000000d6200000|100%| O|  |TAMS 0x00000000d6100000| PB 0x00000000d6100000| Untracked 
|  98|0x00000000d6200000, 0x00000000d6300000, 0x00000000d6300000|100%| O|  |TAMS 0x00000000d6200000| PB 0x00000000d6200000| Untracked 
|  99|0x00000000d6300000, 0x00000000d6400000, 0x00000000d6400000|100%| O|  |TAMS 0x00000000d6300000| PB 0x00000000d6300000| Untracked 
| 100|0x00000000d6400000, 0x00000000d6500000, 0x00000000d6500000|100%| O|  |TAMS 0x00000000d6400000| PB 0x00000000d6400000| Untracked 
| 101|0x00000000d6500000, 0x00000000d6600000, 0x00000000d6600000|100%| O|  |TAMS 0x00000000d6500000| PB 0x00000000d6500000| Untracked 
| 102|0x00000000d6600000, 0x00000000d6700000, 0x00000000d6700000|100%| O|  |TAMS 0x00000000d6600000| PB 0x00000000d6600000| Untracked 
| 103|0x00000000d6700000, 0x00000000d6800000, 0x00000000d6800000|100%| O|  |TAMS 0x00000000d6700000| PB 0x00000000d6700000| Untracked 
| 104|0x00000000d6800000, 0x00000000d6900000, 0x00000000d6900000|100%| O|  |TAMS 0x00000000d6800000| PB 0x00000000d6800000| Untracked 
| 105|0x00000000d6900000, 0x00000000d6a00000, 0x00000000d6a00000|100%| O|  |TAMS 0x00000000d6900000| PB 0x00000000d6900000| Untracked 
| 106|0x00000000d6a00000, 0x00000000d6b00000, 0x00000000d6b00000|100%| O|  |TAMS 0x00000000d6a00000| PB 0x00000000d6a00000| Untracked 
| 107|0x00000000d6b00000, 0x00000000d6c00000, 0x00000000d6c00000|100%| O|  |TAMS 0x00000000d6b00000| PB 0x00000000d6b00000| Untracked 
| 108|0x00000000d6c00000, 0x00000000d6d00000, 0x00000000d6d00000|100%| O|  |TAMS 0x00000000d6c00000| PB 0x00000000d6c00000| Untracked 
| 109|0x00000000d6d00000, 0x00000000d6e00000, 0x00000000d6e00000|100%| O|  |TAMS 0x00000000d6d00000| PB 0x00000000d6d00000| Untracked 
| 110|0x00000000d6e00000, 0x00000000d6f00000, 0x00000000d6f00000|100%| O|  |TAMS 0x00000000d6e00000| PB 0x00000000d6e00000| Untracked 
| 111|0x00000000d6f00000, 0x00000000d7000000, 0x00000000d7000000|100%| O|  |TAMS 0x00000000d6f00000| PB 0x00000000d6f00000| Untracked 
| 112|0x00000000d7000000, 0x00000000d7100000, 0x00000000d7100000|100%| O|  |TAMS 0x00000000d7000000| PB 0x00000000d7000000| Untracked 
| 113|0x00000000d7100000, 0x00000000d7200000, 0x00000000d7200000|100%| O|  |TAMS 0x00000000d7100000| PB 0x00000000d7100000| Untracked 
| 114|0x00000000d7200000, 0x00000000d7300000, 0x00000000d7300000|100%| O|Cm|TAMS 0x00000000d7200000| PB 0x00000000d7200000| Complete 
| 115|0x00000000d7300000, 0x00000000d7400000, 0x00000000d7400000|100%| O|  |TAMS 0x00000000d7300000| PB 0x00000000d7300000| Untracked 
| 116|0x00000000d7400000, 0x00000000d7500000, 0x00000000d7500000|100%| O|  |TAMS 0x00000000d7400000| PB 0x00000000d7400000| Untracked 
| 117|0x00000000d7500000, 0x00000000d7600000, 0x00000000d7600000|100%| O|  |TAMS 0x00000000d7500000| PB 0x00000000d7500000| Untracked 
| 118|0x00000000d7600000, 0x00000000d7700000, 0x00000000d7700000|100%| O|  |TAMS 0x00000000d7600000| PB 0x00000000d7600000| Untracked 
| 119|0x00000000d7700000, 0x00000000d7800000, 0x00000000d7800000|100%| O|  |TAMS 0x00000000d7700000| PB 0x00000000d7700000| Untracked 
| 120|0x00000000d7800000, 0x00000000d7900000, 0x00000000d7900000|100%| O|  |TAMS 0x00000000d7800000| PB 0x00000000d7800000| Untracked 
| 121|0x00000000d7900000, 0x00000000d7a00000, 0x00000000d7a00000|100%| O|  |TAMS 0x00000000d7900000| PB 0x00000000d7900000| Untracked 
| 122|0x00000000d7a00000, 0x00000000d7b00000, 0x00000000d7b00000|100%| O|  |TAMS 0x00000000d7a00000| PB 0x00000000d7a00000| Untracked 
| 123|0x00000000d7b00000, 0x00000000d7c00000, 0x00000000d7c00000|100%| O|  |TAMS 0x00000000d7b00000| PB 0x00000000d7b00000| Untracked 
| 124|0x00000000d7c00000, 0x00000000d7d00000, 0x00000000d7d00000|100%|HS|  |TAMS 0x00000000d7c00000| PB 0x00000000d7c00000| Complete 
| 125|0x00000000d7d00000, 0x00000000d7e00000, 0x00000000d7e00000|100%|HC|  |TAMS 0x00000000d7d00000| PB 0x00000000d7d00000| Complete 
| 126|0x00000000d7e00000, 0x00000000d7f00000, 0x00000000d7f00000|100%| O|  |TAMS 0x00000000d7e00000| PB 0x00000000d7e00000| Untracked 
| 127|0x00000000d7f00000, 0x00000000d8000000, 0x00000000d8000000|100%| O|  |TAMS 0x00000000d7f00000| PB 0x00000000d7f00000| Untracked 
| 128|0x00000000d8000000, 0x00000000d8100000, 0x00000000d8100000|100%| O|  |TAMS 0x00000000d8000000| PB 0x00000000d8000000| Untracked 
| 129|0x00000000d8100000, 0x00000000d8200000, 0x00000000d8200000|100%| O|  |TAMS 0x00000000d8100000| PB 0x00000000d8100000| Untracked 
| 130|0x00000000d8200000, 0x00000000d8300000, 0x00000000d8300000|100%| O|  |TAMS 0x00000000d8200000| PB 0x00000000d8200000| Untracked 
| 131|0x00000000d8300000, 0x00000000d8400000, 0x00000000d8400000|100%| O|  |TAMS 0x00000000d8300000| PB 0x00000000d8300000| Untracked 
| 132|0x00000000d8400000, 0x00000000d8500000, 0x00000000d8500000|100%| O|  |TAMS 0x00000000d8400000| PB 0x00000000d8400000| Untracked 
| 133|0x00000000d8500000, 0x00000000d8600000, 0x00000000d8600000|100%| O|  |TAMS 0x00000000d8500000| PB 0x00000000d8500000| Untracked 
| 134|0x00000000d8600000, 0x00000000d8700000, 0x00000000d8700000|100%| O|  |TAMS 0x00000000d8600000| PB 0x00000000d8600000| Untracked 
| 135|0x00000000d8700000, 0x00000000d8800000, 0x00000000d8800000|100%| O|  |TAMS 0x00000000d8700000| PB 0x00000000d8700000| Untracked 
| 136|0x00000000d8800000, 0x00000000d8900000, 0x00000000d8900000|100%| O|  |TAMS 0x00000000d8800000| PB 0x00000000d8800000| Untracked 
| 137|0x00000000d8900000, 0x00000000d8a00000, 0x00000000d8a00000|100%| O|  |TAMS 0x00000000d8900000| PB 0x00000000d8900000| Untracked 
| 138|0x00000000d8a00000, 0x00000000d8b00000, 0x00000000d8b00000|100%| O|  |TAMS 0x00000000d8a00000| PB 0x00000000d8a00000| Untracked 
| 139|0x00000000d8b00000, 0x00000000d8c00000, 0x00000000d8c00000|100%| O|  |TAMS 0x00000000d8b00000| PB 0x00000000d8b00000| Untracked 
| 140|0x00000000d8c00000, 0x00000000d8d00000, 0x00000000d8d00000|100%| O|Cm|TAMS 0x00000000d8c00000| PB 0x00000000d8c00000| Complete 
| 141|0x00000000d8d00000, 0x00000000d8e00000, 0x00000000d8e00000|100%| O|  |TAMS 0x00000000d8d00000| PB 0x00000000d8d00000| Untracked 
| 142|0x00000000d8e00000, 0x00000000d8e00000, 0x00000000d8f00000|  0%| F|  |TAMS 0x00000000d8e00000| PB 0x00000000d8e00000| Untracked 
| 143|0x00000000d8f00000, 0x00000000d8f81c00, 0x00000000d9000000| 50%| O|  |TAMS 0x00000000d8f00000| PB 0x00000000d8f00000| Untracked 
| 144|0x00000000d9000000, 0x00000000d9000000, 0x00000000d9100000|  0%| F|  |TAMS 0x00000000d9000000| PB 0x00000000d9000000| Untracked 
| 145|0x00000000d9100000, 0x00000000d9100000, 0x00000000d9200000|  0%| F|  |TAMS 0x00000000d9100000| PB 0x00000000d9100000| Untracked 
| 146|0x00000000d9200000, 0x00000000d9200000, 0x00000000d9300000|  0%| F|  |TAMS 0x00000000d9200000| PB 0x00000000d9200000| Untracked 
| 147|0x00000000d9300000, 0x00000000d9300000, 0x00000000d9400000|  0%| F|  |TAMS 0x00000000d9300000| PB 0x00000000d9300000| Untracked 
| 148|0x00000000d9400000, 0x00000000d9400000, 0x00000000d9500000|  0%| F|  |TAMS 0x00000000d9400000| PB 0x00000000d9400000| Untracked 
| 149|0x00000000d9500000, 0x00000000d9500000, 0x00000000d9600000|  0%| F|  |TAMS 0x00000000d9500000| PB 0x00000000d9500000| Untracked 
| 150|0x00000000d9600000, 0x00000000d9600000, 0x00000000d9700000|  0%| F|  |TAMS 0x00000000d9600000| PB 0x00000000d9600000| Untracked 
| 151|0x00000000d9700000, 0x00000000d9700000, 0x00000000d9800000|  0%| F|  |TAMS 0x00000000d9700000| PB 0x00000000d9700000| Untracked 
| 152|0x00000000d9800000, 0x00000000d9800000, 0x00000000d9900000|  0%| F|  |TAMS 0x00000000d9800000| PB 0x00000000d9800000| Untracked 
| 153|0x00000000d9900000, 0x00000000d9a00000, 0x00000000d9a00000|100%| O|  |TAMS 0x00000000d9900000| PB 0x00000000d9900000| Untracked 
| 154|0x00000000d9a00000, 0x00000000d9b00000, 0x00000000d9b00000|100%| O|  |TAMS 0x00000000d9a00000| PB 0x00000000d9a00000| Untracked 
| 155|0x00000000d9b00000, 0x00000000d9c00000, 0x00000000d9c00000|100%| O|  |TAMS 0x00000000d9b00000| PB 0x00000000d9b00000| Untracked 
| 156|0x00000000d9c00000, 0x00000000d9d00000, 0x00000000d9d00000|100%| O|  |TAMS 0x00000000d9c00000| PB 0x00000000d9c00000| Untracked 
| 157|0x00000000d9d00000, 0x00000000d9e00000, 0x00000000d9e00000|100%| O|  |TAMS 0x00000000d9d00000| PB 0x00000000d9d00000| Untracked 
| 158|0x00000000d9e00000, 0x00000000d9f00000, 0x00000000d9f00000|100%| O|  |TAMS 0x00000000d9e00000| PB 0x00000000d9e00000| Untracked 
| 159|0x00000000d9f00000, 0x00000000da000000, 0x00000000da000000|100%| O|  |TAMS 0x00000000d9f00000| PB 0x00000000d9f00000| Untracked 
| 160|0x00000000da000000, 0x00000000da000000, 0x00000000da100000|  0%| F|  |TAMS 0x00000000da000000| PB 0x00000000da000000| Untracked 
| 161|0x00000000da100000, 0x00000000da100000, 0x00000000da200000|  0%| F|  |TAMS 0x00000000da100000| PB 0x00000000da100000| Untracked 
| 162|0x00000000da200000, 0x00000000da200000, 0x00000000da300000|  0%| F|  |TAMS 0x00000000da200000| PB 0x00000000da200000| Untracked 
| 163|0x00000000da300000, 0x00000000da300000, 0x00000000da400000|  0%| F|  |TAMS 0x00000000da300000| PB 0x00000000da300000| Untracked 
| 164|0x00000000da400000, 0x00000000da400000, 0x00000000da500000|  0%| F|  |TAMS 0x00000000da400000| PB 0x00000000da400000| Untracked 
| 165|0x00000000da500000, 0x00000000da500000, 0x00000000da600000|  0%| F|  |TAMS 0x00000000da500000| PB 0x00000000da500000| Untracked 
| 166|0x00000000da600000, 0x00000000da600000, 0x00000000da700000|  0%| F|  |TAMS 0x00000000da600000| PB 0x00000000da600000| Untracked 
| 167|0x00000000da700000, 0x00000000da700000, 0x00000000da800000|  0%| F|  |TAMS 0x00000000da700000| PB 0x00000000da700000| Untracked 
| 168|0x00000000da800000, 0x00000000da800000, 0x00000000da900000|  0%| F|  |TAMS 0x00000000da800000| PB 0x00000000da800000| Untracked 
| 169|0x00000000da900000, 0x00000000da900000, 0x00000000daa00000|  0%| F|  |TAMS 0x00000000da900000| PB 0x00000000da900000| Untracked 
| 170|0x00000000daa00000, 0x00000000daa00000, 0x00000000dab00000|  0%| F|  |TAMS 0x00000000daa00000| PB 0x00000000daa00000| Untracked 
| 171|0x00000000dab00000, 0x00000000dab00000, 0x00000000dac00000|  0%| F|  |TAMS 0x00000000dab00000| PB 0x00000000dab00000| Untracked 
| 172|0x00000000dac00000, 0x00000000dac00000, 0x00000000dad00000|  0%| F|  |TAMS 0x00000000dac00000| PB 0x00000000dac00000| Untracked 
| 173|0x00000000dad00000, 0x00000000dad00000, 0x00000000dae00000|  0%| F|  |TAMS 0x00000000dad00000| PB 0x00000000dad00000| Untracked 
| 174|0x00000000dae00000, 0x00000000dae00000, 0x00000000daf00000|  0%| F|  |TAMS 0x00000000dae00000| PB 0x00000000dae00000| Untracked 
| 175|0x00000000daf00000, 0x00000000daf00000, 0x00000000db000000|  0%| F|  |TAMS 0x00000000daf00000| PB 0x00000000daf00000| Untracked 
| 176|0x00000000db000000, 0x00000000db000000, 0x00000000db100000|  0%| F|  |TAMS 0x00000000db000000| PB 0x00000000db000000| Untracked 
| 177|0x00000000db100000, 0x00000000db100000, 0x00000000db200000|  0%| F|  |TAMS 0x00000000db100000| PB 0x00000000db100000| Untracked 
| 178|0x00000000db200000, 0x00000000db200000, 0x00000000db300000|  0%| F|  |TAMS 0x00000000db200000| PB 0x00000000db200000| Untracked 
| 179|0x00000000db300000, 0x00000000db300000, 0x00000000db400000|  0%| F|  |TAMS 0x00000000db300000| PB 0x00000000db300000| Untracked 
| 180|0x00000000db400000, 0x00000000db400000, 0x00000000db500000|  0%| F|  |TAMS 0x00000000db400000| PB 0x00000000db400000| Untracked 
| 181|0x00000000db500000, 0x00000000db500000, 0x00000000db600000|  0%| F|  |TAMS 0x00000000db500000| PB 0x00000000db500000| Untracked 
| 182|0x00000000db600000, 0x00000000db600000, 0x00000000db700000|  0%| F|  |TAMS 0x00000000db600000| PB 0x00000000db600000| Untracked 
| 183|0x00000000db700000, 0x00000000db700000, 0x00000000db800000|  0%| F|  |TAMS 0x00000000db700000| PB 0x00000000db700000| Untracked 
| 184|0x00000000db800000, 0x00000000db800000, 0x00000000db900000|  0%| F|  |TAMS 0x00000000db800000| PB 0x00000000db800000| Untracked 
| 185|0x00000000db900000, 0x00000000db900000, 0x00000000dba00000|  0%| F|  |TAMS 0x00000000db900000| PB 0x00000000db900000| Untracked 
| 186|0x00000000dba00000, 0x00000000dba00000, 0x00000000dbb00000|  0%| F|  |TAMS 0x00000000dba00000| PB 0x00000000dba00000| Untracked 
| 187|0x00000000dbb00000, 0x00000000dbb00000, 0x00000000dbc00000|  0%| F|  |TAMS 0x00000000dbb00000| PB 0x00000000dbb00000| Untracked 
| 188|0x00000000dbc00000, 0x00000000dbc00000, 0x00000000dbd00000|  0%| F|  |TAMS 0x00000000dbc00000| PB 0x00000000dbc00000| Untracked 
| 189|0x00000000dbd00000, 0x00000000dbd00000, 0x00000000dbe00000|  0%| F|  |TAMS 0x00000000dbd00000| PB 0x00000000dbd00000| Untracked 
| 190|0x00000000dbe00000, 0x00000000dbe00000, 0x00000000dbf00000|  0%| F|  |TAMS 0x00000000dbe00000| PB 0x00000000dbe00000| Untracked 
| 191|0x00000000dbf00000, 0x00000000dbf00000, 0x00000000dc000000|  0%| F|  |TAMS 0x00000000dbf00000| PB 0x00000000dbf00000| Untracked 
| 192|0x00000000dc000000, 0x00000000dc000000, 0x00000000dc100000|  0%| F|  |TAMS 0x00000000dc000000| PB 0x00000000dc000000| Untracked 
| 193|0x00000000dc100000, 0x00000000dc100000, 0x00000000dc200000|  0%| F|  |TAMS 0x00000000dc100000| PB 0x00000000dc100000| Untracked 
| 194|0x00000000dc200000, 0x00000000dc200000, 0x00000000dc300000|  0%| F|  |TAMS 0x00000000dc200000| PB 0x00000000dc200000| Untracked 
| 195|0x00000000dc300000, 0x00000000dc300000, 0x00000000dc400000|  0%| F|  |TAMS 0x00000000dc300000| PB 0x00000000dc300000| Untracked 
| 196|0x00000000dc400000, 0x00000000dc500000, 0x00000000dc500000|100%| S|CS|TAMS 0x00000000dc400000| PB 0x00000000dc400000| Complete 
| 197|0x00000000dc500000, 0x00000000dc600000, 0x00000000dc600000|100%| S|CS|TAMS 0x00000000dc500000| PB 0x00000000dc500000| Complete 
| 198|0x00000000dc600000, 0x00000000dc700000, 0x00000000dc700000|100%| S|CS|TAMS 0x00000000dc600000| PB 0x00000000dc600000| Complete 
| 199|0x00000000dc700000, 0x00000000dc800000, 0x00000000dc800000|100%| S|CS|TAMS 0x00000000dc700000| PB 0x00000000dc700000| Complete 
| 200|0x00000000dc800000, 0x00000000dc900000, 0x00000000dc900000|100%| S|CS|TAMS 0x00000000dc800000| PB 0x00000000dc800000| Complete 
| 201|0x00000000dc900000, 0x00000000dca00000, 0x00000000dca00000|100%| S|CS|TAMS 0x00000000dc900000| PB 0x00000000dc900000| Complete 
| 202|0x00000000dca00000, 0x00000000dcb00000, 0x00000000dcb00000|100%| S|CS|TAMS 0x00000000dca00000| PB 0x00000000dca00000| Complete 
| 203|0x00000000dcb00000, 0x00000000dcc00000, 0x00000000dcc00000|100%| S|CS|TAMS 0x00000000dcb00000| PB 0x00000000dcb00000| Complete 
| 204|0x00000000dcc00000, 0x00000000dcd00000, 0x00000000dcd00000|100%| S|CS|TAMS 0x00000000dcc00000| PB 0x00000000dcc00000| Complete 
| 205|0x00000000dcd00000, 0x00000000dcd00000, 0x00000000dce00000|  0%| F|  |TAMS 0x00000000dcd00000| PB 0x00000000dcd00000| Untracked 
| 206|0x00000000dce00000, 0x00000000dce00000, 0x00000000dcf00000|  0%| F|  |TAMS 0x00000000dce00000| PB 0x00000000dce00000| Untracked 
| 207|0x00000000dcf00000, 0x00000000dcf00000, 0x00000000dd000000|  0%| F|  |TAMS 0x00000000dcf00000| PB 0x00000000dcf00000| Untracked 
| 208|0x00000000dd000000, 0x00000000dd000000, 0x00000000dd100000|  0%| F|  |TAMS 0x00000000dd000000| PB 0x00000000dd000000| Untracked 
| 209|0x00000000dd100000, 0x00000000dd180800, 0x00000000dd200000| 50%| E|  |TAMS 0x00000000dd100000| PB 0x00000000dd100000| Complete 
| 210|0x00000000dd200000, 0x00000000dd300000, 0x00000000dd300000|100%| E|CS|TAMS 0x00000000dd200000| PB 0x00000000dd200000| Complete 
| 211|0x00000000dd300000, 0x00000000dd400000, 0x00000000dd400000|100%| E|CS|TAMS 0x00000000dd300000| PB 0x00000000dd300000| Complete 
| 212|0x00000000dd400000, 0x00000000dd500000, 0x00000000dd500000|100%| E|CS|TAMS 0x00000000dd400000| PB 0x00000000dd400000| Complete 
| 213|0x00000000dd500000, 0x00000000dd600000, 0x00000000dd600000|100%| E|CS|TAMS 0x00000000dd500000| PB 0x00000000dd500000| Complete 
| 214|0x00000000dd600000, 0x00000000dd700000, 0x00000000dd700000|100%| E|CS|TAMS 0x00000000dd600000| PB 0x00000000dd600000| Complete 
| 215|0x00000000dd700000, 0x00000000dd800000, 0x00000000dd800000|100%| E|CS|TAMS 0x00000000dd700000| PB 0x00000000dd700000| Complete 
| 216|0x00000000dd800000, 0x00000000dd900000, 0x00000000dd900000|100%| E|CS|TAMS 0x00000000dd800000| PB 0x00000000dd800000| Complete 
| 217|0x00000000dd900000, 0x00000000dda00000, 0x00000000dda00000|100%| E|CS|TAMS 0x00000000dd900000| PB 0x00000000dd900000| Complete 
| 218|0x00000000dda00000, 0x00000000ddb00000, 0x00000000ddb00000|100%| E|CS|TAMS 0x00000000dda00000| PB 0x00000000dda00000| Complete 
| 219|0x00000000ddb00000, 0x00000000ddc00000, 0x00000000ddc00000|100%| E|CS|TAMS 0x00000000ddb00000| PB 0x00000000ddb00000| Complete 
| 220|0x00000000ddc00000, 0x00000000ddd00000, 0x00000000ddd00000|100%| E|CS|TAMS 0x00000000ddc00000| PB 0x00000000ddc00000| Complete 
| 221|0x00000000ddd00000, 0x00000000dde00000, 0x00000000dde00000|100%| E|CS|TAMS 0x00000000ddd00000| PB 0x00000000ddd00000| Complete 
| 222|0x00000000dde00000, 0x00000000ddf00000, 0x00000000ddf00000|100%| E|CS|TAMS 0x00000000dde00000| PB 0x00000000dde00000| Complete 
| 223|0x00000000ddf00000, 0x00000000de000000, 0x00000000de000000|100%| E|CS|TAMS 0x00000000ddf00000| PB 0x00000000ddf00000| Complete 
| 224|0x00000000de000000, 0x00000000de100000, 0x00000000de100000|100%| E|CS|TAMS 0x00000000de000000| PB 0x00000000de000000| Complete 
| 225|0x00000000de100000, 0x00000000de200000, 0x00000000de200000|100%| E|CS|TAMS 0x00000000de100000| PB 0x00000000de100000| Complete 
| 226|0x00000000de200000, 0x00000000de300000, 0x00000000de300000|100%| E|CS|TAMS 0x00000000de200000| PB 0x00000000de200000| Complete 
| 227|0x00000000de300000, 0x00000000de400000, 0x00000000de400000|100%| E|CS|TAMS 0x00000000de300000| PB 0x00000000de300000| Complete 
| 228|0x00000000de400000, 0x00000000de500000, 0x00000000de500000|100%| E|CS|TAMS 0x00000000de400000| PB 0x00000000de400000| Complete 
| 229|0x00000000de500000, 0x00000000de600000, 0x00000000de600000|100%| E|CS|TAMS 0x00000000de500000| PB 0x00000000de500000| Complete 
| 230|0x00000000de600000, 0x00000000de700000, 0x00000000de700000|100%| E|CS|TAMS 0x00000000de600000| PB 0x00000000de600000| Complete 
| 231|0x00000000de700000, 0x00000000de800000, 0x00000000de800000|100%| E|CS|TAMS 0x00000000de700000| PB 0x00000000de700000| Complete 
| 232|0x00000000de800000, 0x00000000de900000, 0x00000000de900000|100%| E|CS|TAMS 0x00000000de800000| PB 0x00000000de800000| Complete 
| 233|0x00000000de900000, 0x00000000dea00000, 0x00000000dea00000|100%| E|CS|TAMS 0x00000000de900000| PB 0x00000000de900000| Complete 
| 234|0x00000000dea00000, 0x00000000deb00000, 0x00000000deb00000|100%| E|CS|TAMS 0x00000000dea00000| PB 0x00000000dea00000| Complete 
| 235|0x00000000deb00000, 0x00000000dec00000, 0x00000000dec00000|100%| E|CS|TAMS 0x00000000deb00000| PB 0x00000000deb00000| Complete 
| 236|0x00000000dec00000, 0x00000000ded00000, 0x00000000ded00000|100%| E|CS|TAMS 0x00000000dec00000| PB 0x00000000dec00000| Complete 
| 237|0x00000000ded00000, 0x00000000dee00000, 0x00000000dee00000|100%| E|CS|TAMS 0x00000000ded00000| PB 0x00000000ded00000| Complete 
| 238|0x00000000dee00000, 0x00000000def00000, 0x00000000def00000|100%| E|CS|TAMS 0x00000000dee00000| PB 0x00000000dee00000| Complete 
| 239|0x00000000def00000, 0x00000000df000000, 0x00000000df000000|100%| E|CS|TAMS 0x00000000def00000| PB 0x00000000def00000| Complete 
| 240|0x00000000df000000, 0x00000000df100000, 0x00000000df100000|100%| E|CS|TAMS 0x00000000df000000| PB 0x00000000df000000| Complete 
| 241|0x00000000df100000, 0x00000000df200000, 0x00000000df200000|100%| E|CS|TAMS 0x00000000df100000| PB 0x00000000df100000| Complete 
| 242|0x00000000df200000, 0x00000000df300000, 0x00000000df300000|100%| E|CS|TAMS 0x00000000df200000| PB 0x00000000df200000| Complete 
| 243|0x00000000df300000, 0x00000000df400000, 0x00000000df400000|100%| E|CS|TAMS 0x00000000df300000| PB 0x00000000df300000| Complete 
| 244|0x00000000df400000, 0x00000000df500000, 0x00000000df500000|100%| E|CS|TAMS 0x00000000df400000| PB 0x00000000df400000| Complete 
| 245|0x00000000df500000, 0x00000000df600000, 0x00000000df600000|100%| E|CS|TAMS 0x00000000df500000| PB 0x00000000df500000| Complete 
| 246|0x00000000df600000, 0x00000000df700000, 0x00000000df700000|100%| E|CS|TAMS 0x00000000df600000| PB 0x00000000df600000| Complete 
| 247|0x00000000df700000, 0x00000000df800000, 0x00000000df800000|100%| E|CS|TAMS 0x00000000df700000| PB 0x00000000df700000| Complete 
| 248|0x00000000df800000, 0x00000000df900000, 0x00000000df900000|100%| E|CS|TAMS 0x00000000df800000| PB 0x00000000df800000| Complete 
| 249|0x00000000df900000, 0x00000000dfa00000, 0x00000000dfa00000|100%| E|CS|TAMS 0x00000000df900000| PB 0x00000000df900000| Complete 
| 250|0x00000000dfa00000, 0x00000000dfb00000, 0x00000000dfb00000|100%| E|CS|TAMS 0x00000000dfa00000| PB 0x00000000dfa00000| Complete 
| 251|0x00000000dfb00000, 0x00000000dfc00000, 0x00000000dfc00000|100%| E|CS|TAMS 0x00000000dfb00000| PB 0x00000000dfb00000| Complete 
| 252|0x00000000dfc00000, 0x00000000dfd00000, 0x00000000dfd00000|100%| E|CS|TAMS 0x00000000dfc00000| PB 0x00000000dfc00000| Complete 
| 253|0x00000000dfd00000, 0x00000000dfe00000, 0x00000000dfe00000|100%| E|CS|TAMS 0x00000000dfd00000| PB 0x00000000dfd00000| Complete 
| 254|0x00000000dfe00000, 0x00000000dff00000, 0x00000000dff00000|100%| E|CS|TAMS 0x00000000dfe00000| PB 0x00000000dfe00000| Complete 
| 271|0x00000000e0f00000, 0x00000000e1000000, 0x00000000e1000000|100%| E|CS|TAMS 0x00000000e0f00000| PB 0x00000000e0f00000| Complete 
| 272|0x00000000e1000000, 0x00000000e1100000, 0x00000000e1100000|100%| E|CS|TAMS 0x00000000e1000000| PB 0x00000000e1000000| Complete 
| 273|0x00000000e1100000, 0x00000000e1200000, 0x00000000e1200000|100%| E|CS|TAMS 0x00000000e1100000| PB 0x00000000e1100000| Complete 
| 274|0x00000000e1200000, 0x00000000e1300000, 0x00000000e1300000|100%| E|CS|TAMS 0x00000000e1200000| PB 0x00000000e1200000| Complete 
| 275|0x00000000e1300000, 0x00000000e1400000, 0x00000000e1400000|100%| E|CS|TAMS 0x00000000e1300000| PB 0x00000000e1300000| Complete 
| 276|0x00000000e1400000, 0x00000000e1500000, 0x00000000e1500000|100%| E|CS|TAMS 0x00000000e1400000| PB 0x00000000e1400000| Complete 
| 277|0x00000000e1500000, 0x00000000e1600000, 0x00000000e1600000|100%| E|CS|TAMS 0x00000000e1500000| PB 0x00000000e1500000| Complete 
| 278|0x00000000e1600000, 0x00000000e1700000, 0x00000000e1700000|100%| E|CS|TAMS 0x00000000e1600000| PB 0x00000000e1600000| Complete 
| 279|0x00000000e1700000, 0x00000000e1800000, 0x00000000e1800000|100%| E|CS|TAMS 0x00000000e1700000| PB 0x00000000e1700000| Complete 
| 280|0x00000000e1800000, 0x00000000e1900000, 0x00000000e1900000|100%| E|CS|TAMS 0x00000000e1800000| PB 0x00000000e1800000| Complete 
| 281|0x00000000e1900000, 0x00000000e1a00000, 0x00000000e1a00000|100%| E|CS|TAMS 0x00000000e1900000| PB 0x00000000e1900000| Complete 
| 282|0x00000000e1a00000, 0x00000000e1b00000, 0x00000000e1b00000|100%| E|CS|TAMS 0x00000000e1a00000| PB 0x00000000e1a00000| Complete 
| 283|0x00000000e1b00000, 0x00000000e1c00000, 0x00000000e1c00000|100%| E|CS|TAMS 0x00000000e1b00000| PB 0x00000000e1b00000| Complete 
| 284|0x00000000e1c00000, 0x00000000e1d00000, 0x00000000e1d00000|100%| E|CS|TAMS 0x00000000e1c00000| PB 0x00000000e1c00000| Complete 
| 285|0x00000000e1d00000, 0x00000000e1e00000, 0x00000000e1e00000|100%| E|CS|TAMS 0x00000000e1d00000| PB 0x00000000e1d00000| Complete 
| 286|0x00000000e1e00000, 0x00000000e1f00000, 0x00000000e1f00000|100%| E|CS|TAMS 0x00000000e1e00000| PB 0x00000000e1e00000| Complete 
| 509|0x00000000efd00000, 0x00000000efe00000, 0x00000000efe00000|100%| E|CS|TAMS 0x00000000efd00000| PB 0x00000000efd00000| Complete 

Card table byte_map: [0x0000014161b20000,0x0000014161ca0000] _byte_map_base: 0x00000141614a0000

Marking Bits: (CMBitMap*) 0x000001414c9fbb30
 Bits: [0x0000014161ca0000, 0x00000141628a0000)

Polling page: 0x000001414cbe0000

Metaspace:

Usage:
  Non-class:    143.93 MB used.
      Class:     21.65 MB used.
       Both:    165.57 MB used.

Virtual space:
  Non-class space:      192.00 MB reserved,     145.12 MB ( 76%) committed,  3 nodes.
      Class space:        1.00 GB reserved,      22.88 MB (  2%) committed,  1 nodes.
             Both:        1.19 GB reserved,     168.00 MB ( 14%) committed. 

Chunk freelists:
   Non-Class:  14.63 MB
       Class:  9.11 MB
        Both:  23.74 MB

MaxMetaspaceSize: unlimited
CompressedClassSpaceSize: 1.00 GB
Initial GC threshold: 21.00 MB
Current GC threshold: 266.88 MB
CDS: off
 - commit_granule_bytes: 65536.
 - commit_granule_words: 8192.
 - virtual_space_node_default_size: 8388608.
 - enlarge_chunks_in_place: 1.
 - use_allocation_guard: 0.


Internal statistics:

num_allocs_failed_limit: 9.
num_arena_births: 4920.
num_arena_deaths: 0.
num_vsnodes_births: 4.
num_vsnodes_deaths: 0.
num_space_committed: 2685.
num_space_uncommitted: 0.
num_chunks_returned_to_freelist: 9.
num_chunks_taken_from_freelist: 11757.
num_chunk_merges: 6.
num_chunk_splits: 8172.
num_chunks_enlarged: 5654.
num_inconsistent_stats: 0.

CodeHeap 'non-profiled nmethods': size=119168Kb used=12884Kb max_used=12884Kb free=106283Kb
 bounds [0x0000014159a90000, 0x000001415a730000, 0x0000014160ef0000]
CodeHeap 'profiled nmethods': size=119104Kb used=52702Kb max_used=52702Kb free=66401Kb
 bounds [0x0000014151ef0000, 0x0000014155270000, 0x0000014159340000]
CodeHeap 'non-nmethods': size=7488Kb used=3961Kb max_used=4027Kb free=3526Kb
 bounds [0x0000014159340000, 0x0000014159740000, 0x0000014159a90000]
 total_blobs=21444 nmethods=20472 adapters=869
 compilation: enabled
              stopped_count=0, restarted_count=0
 full_count=0

Compilation events (20 events):
Event: 17.009 Thread 0x0000014165ca7d60 23131       3       org.jetbrains.kotlin.load.java.lazy.descriptors.LazyJavaClassDescriptor::getUnsubstitutedMemberScope (8 bytes)
Event: 17.009 Thread 0x000001416bfec410 23132       3       org.jetbrains.kotlin.types.typesApproximation.CapturedTypeApproximationKt::approximateCapturedTypesIfNecessary (126 bytes)
Event: 17.009 Thread 0x0000014165ca7d60 nmethod 23131 0x00000141550f6210 code [0x00000141550f6500, 0x00000141550f71a0]
Event: 17.010 Thread 0x000001416bfec410 nmethod 23132 0x00000141550f7610 code [0x00000141550f79c0, 0x00000141550f8e80]
Event: 17.012 Thread 0x000001416bfec410 23133       3       org.jetbrains.kotlin.util.ProgressManagerBasedCancellationChecker::check (4 bytes)
Event: 17.012 Thread 0x000001416bfec410 nmethod 23133 0x00000141550f9490 code [0x00000141550f9640, 0x00000141550f9828]
Event: 17.012 Thread 0x0000014165ca7d60 23134       3       org.jetbrains.kotlin.resolve.calls.inference.model.NewConstraintSystemImpl$isProperTypeImpl$1::invoke (9 bytes)
Event: 17.012 Thread 0x000001416bfec410 23135       3       org.jetbrains.kotlin.resolve.calls.inference.model.NewConstraintSystemImpl$isProperTypeImpl$1::invoke (150 bytes)
Event: 17.012 Thread 0x0000014165ca7d60 nmethod 23134 0x00000141550f9910 code [0x00000141550f9ac0, 0x00000141550f9cf8]
Event: 17.012 Thread 0x0000014165ca7d60 23136       3       org.jetbrains.kotlin.builtins.KotlinBuiltIns::isShort (17 bytes)
Event: 17.013 Thread 0x0000014165ca7d60 nmethod 23136 0x00000141550f9d90 code [0x00000141550f9f40, 0x00000141550fa0d8]
Event: 17.013 Thread 0x000001416bfec410 nmethod 23135 0x00000141550fa190 code [0x00000141550fa800, 0x00000141550fd8f0]
Event: 17.014 Thread 0x000001416f3dec00 23137       4       org.jetbrains.kotlin.resolve.calls.util.CallMaker$3::getCalleeExpression (10 bytes)
Event: 17.014 Thread 0x0000014165d0d390 23138       3       org.jetbrains.kotlin.resolve.calls.model.KotlinCallKt::checkReceiverInvariants (127 bytes)
Event: 17.014 Thread 0x0000014165d0d390 nmethod 23138 0x00000141550feb10 code [0x00000141550fece0, 0x00000141550ff018]
Event: 17.015 Thread 0x0000014165ced280 23139       4       org.jetbrains.kotlin.com.intellij.psi.impl.source.tree.SharedImplUtil::getParent (30 bytes)
Event: 17.017 Thread 0x0000014165d0d390 23140       3       org.jetbrains.kotlin.psi.psiUtil.KtPsiUtilKt::isContractDescriptionCallPsiCheck (66 bytes)
Event: 17.022 Thread 0x0000014165e0c6a0 23142       3       org.jetbrains.kotlin.resolve.calls.CallExpressionElement::<init> (16 bytes)
Event: 17.022 Thread 0x000001416bfec410 23143       3       org.jetbrains.kotlin.resolve.calls.CallExpressionResolver::getSafeOrUnsafeSelectorTypeInfo (376 bytes)
Event: 17.022 Thread 0x0000014165ca7d60 23144       3       org.jetbrains.kotlin.resolve.calls.CallExpressionResolver$$Lambda/0x0000000101600fd8::<init> (10 bytes)

GC Heap History (20 events):
Event: 11.309 GC heap before
{Heap before GC invocations=26 (full 0):
 garbage-first heap   total 219136K, used 191563K [0x00000000d0000000, 0x0000000100000000)
  region size 1024K, 95 young (97280K), 13 survivors (13312K)
 Metaspace       used 114707K, committed 116864K, reserved 1179648K
  class space    used 15692K, committed 16768K, reserved 1048576K
}
Event: 11.316 GC heap after
{Heap after GC invocations=27 (full 0):
 garbage-first heap   total 219136K, used 115024K [0x00000000d0000000, 0x0000000100000000)
  region size 1024K, 8 young (8192K), 8 survivors (8192K)
 Metaspace       used 114707K, committed 116864K, reserved 1179648K
  class space    used 15692K, committed 16768K, reserved 1048576K
}
Event: 11.750 GC heap before
{Heap before GC invocations=27 (full 0):
 garbage-first heap   total 219136K, used 195920K [0x00000000d0000000, 0x0000000100000000)
  region size 1024K, 88 young (90112K), 8 survivors (8192K)
 Metaspace       used 115191K, committed 117248K, reserved 1179648K
  class space    used 15787K, committed 16832K, reserved 1048576K
}
Event: 11.754 GC heap after
{Heap after GC invocations=28 (full 0):
 garbage-first heap   total 219136K, used 117630K [0x00000000d0000000, 0x0000000100000000)
  region size 1024K, 6 young (6144K), 6 survivors (6144K)
 Metaspace       used 115191K, committed 117248K, reserved 1179648K
  class space    used 15787K, committed 16832K, reserved 1048576K
}
Event: 12.033 GC heap before
{Heap before GC invocations=28 (full 0):
 garbage-first heap   total 219136K, used 147326K [0x00000000d0000000, 0x0000000100000000)
  region size 1024K, 37 young (37888K), 6 survivors (6144K)
 Metaspace       used 118346K, committed 120448K, reserved 1179648K
  class space    used 16110K, committed 17152K, reserved 1048576K
}
Event: 12.037 GC heap after
{Heap after GC invocations=29 (full 0):
 garbage-first heap   total 219136K, used 121471K [0x00000000d0000000, 0x0000000100000000)
  region size 1024K, 10 young (10240K), 10 survivors (10240K)
 Metaspace       used 118346K, committed 120448K, reserved 1179648K
  class space    used 16110K, committed 17152K, reserved 1048576K
}
Event: 13.110 GC heap before
{Heap before GC invocations=30 (full 0):
 garbage-first heap   total 219136K, used 198271K [0x00000000d0000000, 0x0000000100000000)
  region size 1024K, 82 young (83968K), 10 survivors (10240K)
 Metaspace       used 134833K, committed 136960K, reserved 1179648K
  class space    used 18546K, committed 19584K, reserved 1048576K
}
Event: 13.115 GC heap after
{Heap after GC invocations=31 (full 0):
 garbage-first heap   total 219136K, used 129353K [0x00000000d0000000, 0x0000000100000000)
  region size 1024K, 10 young (10240K), 10 survivors (10240K)
 Metaspace       used 134833K, committed 136960K, reserved 1179648K
  class space    used 18546K, committed 19584K, reserved 1048576K
}
Event: 13.615 GC heap before
{Heap before GC invocations=31 (full 0):
 garbage-first heap   total 219136K, used 195913K [0x00000000d0000000, 0x0000000100000000)
  region size 1024K, 75 young (76800K), 10 survivors (10240K)
 Metaspace       used 145662K, committed 148096K, reserved 1179648K
  class space    used 19719K, committed 20928K, reserved 1048576K
}
Event: 13.621 GC heap after
{Heap after GC invocations=32 (full 0):
 garbage-first heap   total 219136K, used 131152K [0x00000000d0000000, 0x0000000100000000)
  region size 1024K, 7 young (7168K), 7 survivors (7168K)
 Metaspace       used 145662K, committed 148096K, reserved 1179648K
  class space    used 19719K, committed 20928K, reserved 1048576K
}
Event: 13.959 GC heap before
{Heap before GC invocations=32 (full 0):
 garbage-first heap   total 219136K, used 153680K [0x00000000d0000000, 0x0000000100000000)
  region size 1024K, 30 young (30720K), 7 survivors (7168K)
 Metaspace       used 150331K, committed 152832K, reserved 1245184K
  class space    used 20246K, committed 21504K, reserved 1048576K
}
Event: 13.962 GC heap after
{Heap after GC invocations=33 (full 0):
 garbage-first heap   total 219136K, used 133782K [0x00000000d0000000, 0x0000000100000000)
  region size 1024K, 3 young (3072K), 3 survivors (3072K)
 Metaspace       used 150331K, committed 152832K, reserved 1245184K
  class space    used 20246K, committed 21504K, reserved 1048576K
}
Event: 14.441 GC heap before
{Heap before GC invocations=34 (full 0):
 garbage-first heap   total 239616K, used 204438K [0x00000000d0000000, 0x0000000100000000)
  region size 1024K, 69 young (70656K), 3 survivors (3072K)
 Metaspace       used 155548K, committed 158080K, reserved 1245184K
  class space    used 20842K, committed 22080K, reserved 1048576K
}
Event: 14.444 GC heap after
{Heap after GC invocations=35 (full 0):
 garbage-first heap   total 239616K, used 142431K [0x00000000d0000000, 0x0000000100000000)
  region size 1024K, 9 young (9216K), 9 survivors (9216K)
 Metaspace       used 155548K, committed 158080K, reserved 1245184K
  class space    used 20842K, committed 22080K, reserved 1048576K
}
Event: 15.089 GC heap before
{Heap before GC invocations=35 (full 0):
 garbage-first heap   total 239616K, used 216159K [0x00000000d0000000, 0x0000000100000000)
  region size 1024K, 81 young (82944K), 9 survivors (9216K)
 Metaspace       used 160968K, committed 163456K, reserved 1245184K
  class space    used 21342K, committed 22592K, reserved 1048576K
}
Event: 15.098 GC heap after
{Heap after GC invocations=36 (full 0):
 garbage-first heap   total 239616K, used 152037K [0x00000000d0000000, 0x0000000100000000)
  region size 1024K, 11 young (11264K), 11 survivors (11264K)
 Metaspace       used 160968K, committed 163456K, reserved 1245184K
  class space    used 21342K, committed 22592K, reserved 1048576K
}
Event: 15.140 GC heap before
{Heap before GC invocations=36 (full 0):
 garbage-first heap   total 239616K, used 157157K [0x00000000d0000000, 0x0000000100000000)
  region size 1024K, 17 young (17408K), 11 survivors (11264K)
 Metaspace       used 161414K, committed 163840K, reserved 1245184K
  class space    used 21391K, committed 22592K, reserved 1048576K
}
Event: 15.143 GC heap after
{Heap after GC invocations=37 (full 0):
 garbage-first heap   total 239616K, used 154515K [0x00000000d0000000, 0x0000000100000000)
  region size 1024K, 2 young (2048K), 2 survivors (2048K)
 Metaspace       used 161414K, committed 163840K, reserved 1245184K
  class space    used 21391K, committed 22592K, reserved 1048576K
}
Event: 16.178 GC heap before
{Heap before GC invocations=38 (full 0):
 garbage-first heap   total 278528K, used 222099K [0x00000000d0000000, 0x0000000100000000)
  region size 1024K, 67 young (68608K), 2 survivors (2048K)
 Metaspace       used 168046K, committed 170560K, reserved 1245184K
  class space    used 22099K, committed 23360K, reserved 1048576K
}
Event: 16.184 GC heap after
{Heap after GC invocations=39 (full 0):
 garbage-first heap   total 278528K, used 162204K [0x00000000d0000000, 0x0000000100000000)
  region size 1024K, 9 young (9216K), 9 survivors (9216K)
 Metaspace       used 168046K, committed 170560K, reserved 1245184K
  class space    used 22099K, committed 23360K, reserved 1048576K
}

Dll operation events (3 events):
Event: 0.009 Loaded shared library C:\Users\11980\AppData\Local\Programs\Android Studio\jbr\bin\java.dll
Event: 0.857 Loaded shared library C:\Users\11980\AppData\Local\Programs\Android Studio\jbr\bin\zip.dll
Event: 1.221 Loaded shared library C:\Users\11980\AppData\Local\Programs\Android Studio\jbr\bin\verify.dll

Deoptimization events (20 events):
Event: 16.645 Thread 0x0000014171d0e680 DEOPT UNPACKING pc=0x00000141593946a2 sp=0x00000034561f5f98 mode 2
Event: 16.651 Thread 0x0000014171d0e680 Uncommon trap: trap_request=0xffffff45 fr.pc=0x0000014159e757cc relative=0x000000000000066c
Event: 16.651 Thread 0x0000014171d0e680 Uncommon trap: reason=unstable_if action=reinterpret pc=0x0000014159e757cc method=java.lang.String.replace(CC)Ljava/lang/String; @ 2 c2
Event: 16.651 Thread 0x0000014171d0e680 DEOPT PACKING pc=0x0000014159e757cc sp=0x00000034561f5a90
Event: 16.651 Thread 0x0000014171d0e680 DEOPT UNPACKING pc=0x00000141593946a2 sp=0x00000034561f5a50 mode 2
Event: 16.742 Thread 0x0000014171d0e680 Uncommon trap: trap_request=0xffffffde fr.pc=0x000001415a4e6680 relative=0x00000000000024c0
Event: 16.742 Thread 0x0000014171d0e680 Uncommon trap: reason=class_check action=maybe_recompile pc=0x000001415a4e6680 method=org.jetbrains.kotlin.descriptors.impl.FunctionDescriptorImpl.initialize(Lorg/jetbrains/kotlin/descriptors/ReceiverParameterDescriptor;Lorg/jetbrains/kotlin/descriptors/R
Event: 16.742 Thread 0x0000014171d0e680 DEOPT PACKING pc=0x000001415a4e6680 sp=0x00000034561fa180
Event: 16.742 Thread 0x0000014171d0e680 DEOPT UNPACKING pc=0x00000141593946a2 sp=0x00000034561fa150 mode 2
Event: 16.811 Thread 0x0000014171d0e680 Uncommon trap: trap_request=0xffffff76 fr.pc=0x000001415a6a1118 relative=0x0000000000001278
Event: 16.811 Thread 0x0000014171d0e680 Uncommon trap: reason=predicate action=maybe_recompile pc=0x000001415a6a1118 method=org.jetbrains.kotlin.types.AbstractNullabilityChecker.hasNotNullSupertype(Lorg/jetbrains/kotlin/types/TypeCheckerState;Lorg/jetbrains/kotlin/types/model/SimpleTypeMarker;L
Event: 16.811 Thread 0x0000014171d0e680 DEOPT PACKING pc=0x000001415a6a1118 sp=0x00000034561f8bb0
Event: 16.811 Thread 0x0000014171d0e680 DEOPT UNPACKING pc=0x00000141593946a2 sp=0x00000034561f8b50 mode 2
Event: 16.979 Thread 0x0000014171d0e680 DEOPT PACKING pc=0x00000141547fae96 sp=0x00000034561f9e10
Event: 16.979 Thread 0x0000014171d0e680 DEOPT UNPACKING pc=0x0000014159394e42 sp=0x00000034561f9328 mode 0
Event: 17.008 Thread 0x0000014171d0e680 Uncommon trap: trap_request=0xffffffde fr.pc=0x000001415a58a56c relative=0x00000000000016ac
Event: 17.008 Thread 0x0000014171d0e680 Uncommon trap: reason=class_check action=maybe_recompile pc=0x000001415a58a56c method=org.jetbrains.kotlin.types.IndexedParametersSubstitution.get(Lorg/jetbrains/kotlin/types/KotlinType;)Lorg/jetbrains/kotlin/types/TypeProjection; @ 27 c2
Event: 17.008 Thread 0x0000014171d0e680 DEOPT PACKING pc=0x000001415a58a56c sp=0x00000034561f8560
Event: 17.008 Thread 0x0000014171d0e680 DEOPT UNPACKING pc=0x00000141593946a2 sp=0x00000034561f8518 mode 2
Event: 17.027 Thread 0x0000014171d0e680 Uncommon trap: trap_request=0xffffffde fr.pc=0x000001415a6546f0 relative=0x0000000000002810

Classes loaded (20 events):
Event: 12.974 Loading class java/beans/PropertyChangeSupport
Event: 12.974 Loading class java/beans/PropertyChangeSupport done
Event: 12.974 Loading class java/beans/PropertyChangeSupport$PropertyChangeListenerMap
Event: 12.974 Loading class java/beans/ChangeListenerMap
Event: 12.974 Loading class java/beans/ChangeListenerMap done
Event: 12.974 Loading class java/beans/PropertyChangeSupport$PropertyChangeListenerMap done
Event: 13.632 Loading class java/util/PrimitiveIterator$OfInt
Event: 13.632 Loading class java/util/PrimitiveIterator
Event: 13.633 Loading class java/util/PrimitiveIterator done
Event: 13.633 Loading class java/util/PrimitiveIterator$OfInt done
Event: 13.956 Loading class java/util/AbstractList$SubList$1
Event: 13.956 Loading class java/util/AbstractList$SubList$1 done
Event: 14.087 Loading class java/text/StringCharacterIterator
Event: 14.087 Loading class java/text/CharacterIterator
Event: 14.087 Loading class java/text/CharacterIterator done
Event: 14.087 Loading class java/text/StringCharacterIterator done
Event: 15.619 Loading class jdk/internal/math/FloatToDecimal
Event: 15.619 Loading class jdk/internal/math/FloatToDecimal done
Event: 16.651 Loading class java/util/regex/Pattern$Bound
Event: 16.651 Loading class java/util/regex/Pattern$Bound done

Classes unloaded (0 events):
No events

Classes redefined (0 events):
No events

Internal exceptions (20 events):
Event: 15.520 Thread 0x0000014171d0e680 Exception <a 'java/lang/NoSuchMethodError'{0x00000000deca90c0}: 'void java.lang.invoke.DirectMethodHandle$Holder.invokeSpecial(java.lang.Object, java.lang.Object, int, java.lang.Object)'> (0x00000000deca90c0) 
thrown [s\src\hotspot\share\interpreter\linkResolver.cpp, line 784]
Event: 15.601 Thread 0x0000014171d0e680 Exception <a 'java/lang/IncompatibleClassChangeError'{0x00000000de7b23c0}: Found class java.lang.Object, but interface was expected> (0x00000000de7b23c0) 
thrown [s\src\hotspot\share\interpreter\linkResolver.cpp, line 851]
Event: 15.672 Thread 0x0000014171d0e680 Exception <a 'java/lang/IncompatibleClassChangeError'{0x00000000de2f3470}: Found class java.lang.Object, but interface was expected> (0x00000000de2f3470) 
thrown [s\src\hotspot\share\interpreter\linkResolver.cpp, line 851]
Event: 15.999 Thread 0x0000014171d0e680 Exception <a 'java/lang/NoSuchMethodError'{0x00000000dd54b018}: 'java.lang.Object java.lang.invoke.DirectMethodHandle$Holder.newInvokeSpecial(java.lang.Object, int, java.lang.Object, java.lang.Object)'> (0x00000000dd54b018) 
thrown [s\src\hotspot\share\interpreter\linkResolver.cpp, line 784]
Event: 15.999 Thread 0x0000014171d0e680 Exception <a 'java/lang/NoSuchMethodError'{0x00000000dd54fda8}: 'java.lang.Object java.lang.invoke.DirectMethodHandle$Holder.invokeSpecial(java.lang.Object, java.lang.Object, int, java.lang.Object, java.lang.Object)'> (0x00000000dd54fda8) 
thrown [s\src\hotspot\share\interpreter\linkResolver.cpp, line 784]
Event: 16.511 Thread 0x0000014171d0e680 Implicit null exception at 0x000001415a2ff34c to 0x000001415a3001d4
Event: 16.511 Thread 0x0000014171d0e680 Implicit null exception at 0x000001415a2ff34c to 0x000001415a3001d4
Event: 16.511 Thread 0x0000014171d0e680 Implicit null exception at 0x000001415a2ff34c to 0x000001415a3001d4
Event: 16.511 Thread 0x0000014171d0e680 Implicit null exception at 0x000001415a2ff34c to 0x000001415a3001d4
Event: 16.511 Thread 0x0000014171d0e680 Implicit null exception at 0x000001415a2ff34c to 0x000001415a3001d4
Event: 16.511 Thread 0x0000014171d0e680 Implicit null exception at 0x000001415a2ff34c to 0x000001415a3001d4
Event: 16.511 Thread 0x0000014171d0e680 Implicit null exception at 0x000001415a2ff34c to 0x000001415a3001d4
Event: 16.511 Thread 0x0000014171d0e680 Implicit null exception at 0x000001415a2ff34c to 0x000001415a3001d4
Event: 16.511 Thread 0x0000014171d0e680 Implicit null exception at 0x000001415a2ff34c to 0x000001415a3001d4
Event: 16.511 Thread 0x0000014171d0e680 Implicit null exception at 0x000001415a2ff34c to 0x000001415a3001d4
Event: 16.511 Thread 0x0000014171d0e680 Implicit null exception at 0x000001415a2ff34c to 0x000001415a3001d4
Event: 16.511 Thread 0x0000014171d0e680 Implicit null exception at 0x000001415a2ff34c to 0x000001415a3001d4
Event: 16.511 Thread 0x0000014171d0e680 Implicit null exception at 0x000001415a301dbd to 0x000001415a3025d8
Event: 16.523 Thread 0x0000014171d0e680 Implicit null exception at 0x000001415a2fdb2c to 0x000001415a2fdc98
Event: 16.523 Thread 0x0000014171d0e680 Implicit null exception at 0x000001415a30335d to 0x000001415a3035b4

ZGC Phase Switch (0 events):
No events

VM Operations (20 events):
Event: 16.322 Executing VM operation: ICBufferFull done
Event: 16.414 Executing VM operation: ICBufferFull
Event: 16.414 Executing VM operation: ICBufferFull done
Event: 16.456 Executing VM operation: ICBufferFull
Event: 16.456 Executing VM operation: ICBufferFull done
Event: 16.467 Executing VM operation: HandshakeAllThreads (Deoptimize)
Event: 16.467 Executing VM operation: HandshakeAllThreads (Deoptimize) done
Event: 16.519 Executing VM operation: ICBufferFull
Event: 16.519 Executing VM operation: ICBufferFull done
Event: 16.584 Executing VM operation: ICBufferFull
Event: 16.584 Executing VM operation: ICBufferFull done
Event: 16.640 Executing VM operation: ICBufferFull
Event: 16.640 Executing VM operation: ICBufferFull done
Event: 16.702 Executing VM operation: ICBufferFull
Event: 16.703 Executing VM operation: ICBufferFull done
Event: 16.806 Executing VM operation: ICBufferFull
Event: 16.806 Executing VM operation: ICBufferFull done
Event: 17.019 Executing VM operation: ICBufferFull
Event: 17.019 Executing VM operation: ICBufferFull done
Event: 18.027 Executing VM operation: Cleanup

Events (20 events):
Event: 15.189 Thread 0x0000014165a9eb00 flushing nmethod 0x0000014159b5f810
Event: 15.189 Thread 0x0000014165a9eb00 flushing nmethod 0x0000014159bf0810
Event: 15.189 Thread 0x0000014165a9eb00 flushing nmethod 0x0000014159b4ac10
Event: 15.189 Thread 0x0000014165a9eb00 flushing nmethod 0x0000014159bb5190
Event: 15.189 Thread 0x0000014165a9eb00 flushing nmethod 0x0000014159bb1210
Event: 15.189 Thread 0x0000014165a9eb00 flushing nmethod 0x0000014159b3a510
Event: 15.189 Thread 0x0000014165a9eb00 flushing nmethod 0x0000014159b57690
Event: 15.189 Thread 0x0000014165a9eb00 flushing nmethod 0x0000014159b44090
Event: 15.189 Thread 0x0000014165a9eb00 flushing nmethod 0x0000014159ae4410
Event: 15.189 Thread 0x0000014165a9eb00 flushing nmethod 0x0000014159aac990
Event: 15.544 Thread 0x0000014177f09020 Thread exited: 0x0000014177f09020
Event: 15.544 Thread 0x0000014177f08280 Thread exited: 0x0000014177f08280
Event: 15.549 Thread 0x0000014170b65290 Thread exited: 0x0000014170b65290
Event: 15.549 Thread 0x0000014170b63e20 Thread exited: 0x0000014170b63e20
Event: 15.578 Thread 0x0000014178961b40 Thread added: 0x0000014178961b40
Event: 15.591 Thread 0x0000014178962210 Thread added: 0x0000014178962210
Event: 15.592 Thread 0x000001417895f260 Thread added: 0x000001417895f260
Event: 15.916 Thread 0x000001417895f260 Thread exited: 0x000001417895f260
Event: 16.373 Thread 0x000001416f3dd0c0 Thread added: 0x000001416f3dd0c0
Event: 16.513 Thread 0x000001416f3dec00 Thread added: 0x000001416f3dec00


Dynamic libraries:
0x00007ff7c47f0000 - 0x00007ff7c47fa000 	C:\Users\11980\AppData\Local\Programs\Android Studio\jbr\bin\java.exe
0x00007ffbe3bc0000 - 0x00007ffbe3e27000 	C:\WINDOWS\SYSTEM32\ntdll.dll
0x00007ffbe2480000 - 0x00007ffbe2549000 	C:\WINDOWS\System32\KERNEL32.DLL
0x00007ffbe12b0000 - 0x00007ffbe16a4000 	C:\WINDOWS\System32\KERNELBASE.dll
0x00007ffbe0490000 - 0x00007ffbe05db000 	C:\WINDOWS\System32\ucrtbase.dll
0x00007ffbc1460000 - 0x00007ffbc1478000 	C:\Users\11980\AppData\Local\Programs\Android Studio\jbr\bin\jli.dll
0x00007ffbc1c60000 - 0x00007ffbc1c7b000 	C:\Users\11980\AppData\Local\Programs\Android Studio\jbr\bin\VCRUNTIME140.dll
0x00007ffbe39b0000 - 0x00007ffbe3b75000 	C:\WINDOWS\System32\USER32.dll
0x00007ffbe0f90000 - 0x00007ffbe0fb7000 	C:\WINDOWS\System32\win32u.dll
0x00007ffbc2020000 - 0x00007ffbc22b3000 	C:\WINDOWS\WinSxS\amd64_microsoft.windows.common-controls_6595b64144ccf1df_6.0.26100.8115_none_3e075c82e3354f9c\COMCTL32.dll
0x00007ffbe1fd0000 - 0x00007ffbe1ffb000 	C:\WINDOWS\System32\GDI32.dll
0x00007ffbe1e20000 - 0x00007ffbe1ec9000 	C:\WINDOWS\System32\msvcrt.dll
0x00007ffbe1820000 - 0x00007ffbe194b000 	C:\WINDOWS\System32\gdi32full.dll
0x00007ffbe0fc0000 - 0x00007ffbe1063000 	C:\WINDOWS\System32\msvcp_win.dll
0x00007ffbe20e0000 - 0x00007ffbe2112000 	C:\WINDOWS\System32\IMM32.DLL
0x00007ffbd9890000 - 0x00007ffbd989c000 	C:\Users\11980\AppData\Local\Programs\Android Studio\jbr\bin\vcruntime140_1.dll
0x00007ffbbf180000 - 0x00007ffbbf20d000 	C:\Users\11980\AppData\Local\Programs\Android Studio\jbr\bin\msvcp140.dll
0x00007ffaf9a20000 - 0x00007ffafa69d000 	C:\Users\11980\AppData\Local\Programs\Android Studio\jbr\bin\server\jvm.dll
0x00007ffbe2550000 - 0x00007ffbe2606000 	C:\WINDOWS\System32\ADVAPI32.dll
0x00007ffbe1950000 - 0x00007ffbe19f7000 	C:\WINDOWS\System32\sechost.dll
0x00007ffbe3890000 - 0x00007ffbe39a8000 	C:\WINDOWS\System32\RPCRT4.dll
0x00007ffbe1a00000 - 0x00007ffbe1a80000 	C:\WINDOWS\System32\WS2_32.dll
0x00007ffbe0140000 - 0x00007ffbe019e000 	C:\WINDOWS\SYSTEM32\POWRPROF.dll
0x00007ffbd1030000 - 0x00007ffbd1066000 	C:\WINDOWS\SYSTEM32\WINMM.dll
0x00007ffbdbb60000 - 0x00007ffbdbb6b000 	C:\WINDOWS\SYSTEM32\VERSION.dll
0x00007ffbe0120000 - 0x00007ffbe0134000 	C:\WINDOWS\SYSTEM32\UMPDC.dll
0x00007ffbdf220000 - 0x00007ffbdf23b000 	C:\WINDOWS\SYSTEM32\kernel.appcore.dll
0x00007ffbc1c50000 - 0x00007ffbc1c5a000 	C:\Users\11980\AppData\Local\Programs\Android Studio\jbr\bin\jimage.dll
0x00007ffbde0e0000 - 0x00007ffbde322000 	C:\WINDOWS\SYSTEM32\DBGHELP.DLL
0x00007ffbe1a90000 - 0x00007ffbe1e12000 	C:\WINDOWS\System32\combase.dll
0x00007ffbe2610000 - 0x00007ffbe26e8000 	C:\WINDOWS\System32\OLEAUT32.dll
0x00007ffbc5350000 - 0x00007ffbc538b000 	C:\WINDOWS\SYSTEM32\dbgcore.DLL
0x00007ffbe0ee0000 - 0x00007ffbe0f85000 	C:\WINDOWS\System32\bcryptPrimitives.dll
0x00007ffbc8e80000 - 0x00007ffbc8e8e000 	C:\Users\11980\AppData\Local\Programs\Android Studio\jbr\bin\instrument.dll
0x00007ffbc0250000 - 0x00007ffbc026f000 	C:\Users\11980\AppData\Local\Programs\Android Studio\jbr\bin\java.dll
0x00007ffbbffc0000 - 0x00007ffbbffd8000 	C:\Users\11980\AppData\Local\Programs\Android Studio\jbr\bin\zip.dll
0x00007ffbe29b0000 - 0x00007ffbe3117000 	C:\WINDOWS\System32\SHELL32.dll
0x00007ffbe16b0000 - 0x00007ffbe181a000 	C:\WINDOWS\System32\wintypes.dll
0x00007ffbe05e0000 - 0x00007ffbe0e48000 	C:\WINDOWS\System32\windows.storage.dll
0x00007ffbe2120000 - 0x00007ffbe2218000 	C:\WINDOWS\System32\SHCORE.dll
0x00007ffbe2070000 - 0x00007ffbe20d6000 	C:\WINDOWS\System32\shlwapi.dll
0x00007ffbe03b0000 - 0x00007ffbe03d9000 	C:\WINDOWS\SYSTEM32\profapi.dll
0x00007ffbc1c40000 - 0x00007ffbc1c50000 	C:\Users\11980\AppData\Local\Programs\Android Studio\jbr\bin\net.dll
0x00007ffbdb400000 - 0x00007ffbdb52d000 	C:\WINDOWS\SYSTEM32\WINHTTP.dll
0x00007ffbdf790000 - 0x00007ffbdf7fc000 	C:\WINDOWS\system32\mswsock.dll
0x00007ffbbffa0000 - 0x00007ffbbffb6000 	C:\Users\11980\AppData\Local\Programs\Android Studio\jbr\bin\nio.dll
0x00007ffbc01a0000 - 0x00007ffbc01b0000 	C:\Users\11980\AppData\Local\Programs\Android Studio\jbr\bin\verify.dll
0x00007ffbb28a0000 - 0x00007ffbb28c7000 	C:\Users\11980\.gradle\native\c067742578af261105cb4f569cf0c3c89f3d7b1fecec35dd04571415982c5e48\windows-amd64\native-platform.dll
0x00007ffbbea90000 - 0x00007ffbbebd4000 	C:\Users\11980\.gradle\native\100fb08df4bc3b14c8652ba06237920a3bd2aa13389f12d3474272988ae205f9\windows-amd64\native-platform-file-events.dll
0x00007ffbc0590000 - 0x00007ffbc0599000 	C:\Users\11980\AppData\Local\Programs\Android Studio\jbr\bin\management.dll
0x00007ffbc0340000 - 0x00007ffbc034b000 	C:\Users\11980\AppData\Local\Programs\Android Studio\jbr\bin\management_ext.dll
0x00007ffbe2000000 - 0x00007ffbe2008000 	C:\WINDOWS\System32\PSAPI.DLL
0x00007ffbdfa70000 - 0x00007ffbdfa8b000 	C:\WINDOWS\SYSTEM32\CRYPTSP.dll
0x00007ffbdf180000 - 0x00007ffbdf1b9000 	C:\WINDOWS\system32\rsaenh.dll
0x00007ffbdf840000 - 0x00007ffbdf873000 	C:\WINDOWS\SYSTEM32\USERENV.dll
0x00007ffbe0380000 - 0x00007ffbe03aa000 	C:\WINDOWS\SYSTEM32\bcrypt.dll
0x00007ffbdfa90000 - 0x00007ffbdfa9c000 	C:\WINDOWS\SYSTEM32\CRYPTBASE.dll
0x00007ffbdec20000 - 0x00007ffbdec52000 	C:\WINDOWS\SYSTEM32\IPHLPAPI.DLL
0x00007ffbe2060000 - 0x00007ffbe206a000 	C:\WINDOWS\System32\NSI.dll
0x00007ffbc1590000 - 0x00007ffbc1599000 	C:\Users\11980\AppData\Local\Programs\Android Studio\jbr\bin\extnet.dll
0x00007ffbb5170000 - 0x00007ffbb5178000 	C:\WINDOWS\system32\wshunix.dll
0x00007ffbb6950000 - 0x00007ffbb6968000 	C:\WINDOWS\system32\napinsp.dll
0x00007ffbdecb0000 - 0x00007ffbdede2000 	C:\WINDOWS\SYSTEM32\DNSAPI.dll
0x00007ffbb6930000 - 0x00007ffbb6943000 	C:\WINDOWS\System32\winrnr.dll
0x00007ffbb6900000 - 0x00007ffbb6922000 	C:\WINDOWS\system32\nlansp_c.dll
0x00007ffbb68e0000 - 0x00007ffbb68f6000 	C:\WINDOWS\system32\wshbth.dll
0x00007ffbd8f20000 - 0x00007ffbd8f2b000 	C:\Windows\System32\rasadhlp.dll
0x00007ffbda1b0000 - 0x00007ffbda236000 	C:\WINDOWS\System32\fwpuclnt.dll

dbghelp: loaded successfully - version: 4.0.5 - missing functions: none
symbol engine: initialized successfully - sym options: 0x614 - pdb path: .;C:\Users\11980\AppData\Local\Programs\Android Studio\jbr\bin;C:\WINDOWS\SYSTEM32;C:\WINDOWS\WinSxS\amd64_microsoft.windows.common-controls_6595b64144ccf1df_6.0.26100.8115_none_3e075c82e3354f9c;C:\Users\11980\AppData\Local\Programs\Android Studio\jbr\bin\server;C:\Users\11980\.gradle\native\c067742578af261105cb4f569cf0c3c89f3d7b1fecec35dd04571415982c5e48\windows-amd64;C:\Users\11980\.gradle\native\100fb08df4bc3b14c8652ba06237920a3bd2aa13389f12d3474272988ae205f9\windows-amd64

VM Arguments:
jvm_args: --add-opens=java.base/java.util=ALL-UNNAMED --add-opens=java.base/java.lang=ALL-UNNAMED --add-opens=java.base/java.lang.invoke=ALL-UNNAMED --add-opens=java.prefs/java.util.prefs=ALL-UNNAMED --add-exports=jdk.compiler/com.sun.tools.javac.api=ALL-UNNAMED --add-exports=jdk.compiler/com.sun.tools.javac.util=ALL-UNNAMED --add-opens=java.base/java.nio.charset=ALL-UNNAMED --add-opens=java.base/java.net=ALL-UNNAMED --add-opens=java.base/java.util.concurrent.atomic=ALL-UNNAMED -Xmx768m -Dfile.encoding=UTF-8 -Duser.country=CN -Duser.language=zh -Duser.variant -javaagent:C:\Users\11980\.gradle\wrapper\dists\gradle-8.9-bin\90cnw93cvbtalezasaz0blq0a\gradle-8.9\lib\agents\gradle-instrumentation-agent-8.9.jar 
java_command: org.gradle.launcher.daemon.bootstrap.GradleDaemon 8.9
java_class_path (initial): C:\Users\11980\.gradle\wrapper\dists\gradle-8.9-bin\90cnw93cvbtalezasaz0blq0a\gradle-8.9\lib\gradle-daemon-main-8.9.jar
Launcher Type: SUN_STANDARD

[Global flags]
     intx CICompilerCount                          = 12                                        {product} {ergonomic}
     uint ConcGCThreads                            = 4                                         {product} {ergonomic}
     uint G1ConcRefinementThreads                  = 15                                        {product} {ergonomic}
   size_t G1HeapRegionSize                         = 1048576                                   {product} {ergonomic}
    uintx GCDrainStackTargetSize                   = 64                                        {product} {ergonomic}
   size_t InitialHeapSize                          = 534773760                                 {product} {ergonomic}
   size_t MarkStackSize                            = 4194304                                   {product} {ergonomic}
   size_t MaxHeapSize                              = 805306368                                 {product} {command line}
   size_t MaxNewSize                               = 482344960                                 {product} {ergonomic}
   size_t MinHeapDeltaBytes                        = 1048576                                   {product} {ergonomic}
   size_t MinHeapSize                              = 8388608                                   {product} {ergonomic}
    uintx NonNMethodCodeHeapSize                   = 7602480                                {pd product} {ergonomic}
    uintx NonProfiledCodeHeapSize                  = 122027880                              {pd product} {ergonomic}
    uintx ProfiledCodeHeapSize                     = 122027880                              {pd product} {ergonomic}
    uintx ReservedCodeCacheSize                    = 251658240                              {pd product} {ergonomic}
     bool SegmentedCodeCache                       = true                                      {product} {ergonomic}
   size_t SoftMaxHeapSize                          = 805306368                              {manageable} {ergonomic}
     bool UseCompressedOops                        = true                           {product lp64_product} {ergonomic}
     bool UseG1GC                                  = true                                      {product} {ergonomic}
     bool UseLargePagesIndividualAllocation        = false                                  {pd product} {ergonomic}

Logging:
Log output configuration:
 #0: stdout all=warning uptime,level,tags foldmultilines=false
 #1: stderr all=off uptime,level,tags foldmultilines=false

Environment Variables:
JAVA_HOME=C:\Users\11980\AppData\Local\Programs\Android Studio\jbr
CLASSPATH=E:\Code\Android\AndroidProjects\EnvScope\\gradle\wrapper\gradle-wrapper.jar
PATH=C:\Users\11980\AppData\Local\Programs\Android Studio\jbr\bin;C:\Users\11980\.codex\tmp\arg0\codex-arg0pFb23E;C:\Users\11980\AppData\Roaming\npm\node_modules\@openai\codex\node_modules\@openai\codex-win32-x64\vendor\x86_64-pc-windows-msvc\path;C:\Program Files\Common Files\Oracle\Java\javapath;D:\Program Files\VMware\VMware Workstation\bin\;C:\WINDOWS\system32;C:\WINDOWS;C:\WINDOWS\System32\Wbem;C:\WINDOWS\System32\WindowsPowerShell\v1.0\;C:\WINDOWS\System32\OpenSSH\;C:\Program Files\dotnet\;D:\texlive\2024\bin\windows;D:\Program Files\Git\cmd;C:\Program Files\GitHub CLI\;D:\Program Files\Tencent\微信web开发者工具\dll;C:\Program Files (x86)\NVIDIA Corporation\PhysX\Common;D:\Program Files (x86)\NetSarang\Xftp 8\;D:\Program Files (x86)\NetSarang\Xshell 8\;C:\Program Files\NVIDIA Corporation\NVIDIA App\NvDLISR;D:\Program Files\nodejs\;C:\ProgramData\chocolatey\bin;E:\Training\platform-tools-latest-windows\platform-tools;D:\Environment\PHP\php-8.5.0-Win32-vs17-x64;D:\Environment\tools;C:\Program Files\010 Editor;C:\Users\11980\.local\bin;C:\Users\11980\AppData\Local\Programs\Python\Python310\Scripts\;C:\Users\11980\AppData\Local\Programs\Python\Python310\;C:\Users\11980\AppData\Local\Programs\Python\Launcher\;C:\Users\11980\AppData\Local\Microsoft\WindowsApps;D:\Programs\Microsoft VS Code\bin;C:\Users\11980\AppData\Local\JetBrains\Toolbox\scripts;D:\Environment\Flutter\flutter\bin;C:\Users\11980\AppData\Local\Microsoft\WindowsApps;D:\Program Files (x86)\Nmap;C:\Users\11980\AppData\Roaming\npm;C:\Users\11980\AppData\Local\Microsoft\WinGet\Packages\BrechtSanders.WinLibs.MCF.UCRT_Microsoft.Winget.Source_8wekyb3d8bbwe\mingw64\bin;C:\Users\11980\.cherrystudio\bin
USERNAME=11980
OS=Windows_NT
PROCESSOR_IDENTIFIER=Intel64 Family 6 Model 151 Stepping 2, GenuineIntel
TMP=C:\Users\11980\AppData\Local\Temp
TEMP=C:\Users\11980\AppData\Local\Temp




Periodic native trim disabled

JNI global refs:
JNI global refs: 42, weak refs: 1

JNI global refs memory usage: 835, weak refs: 833

Process memory usage:
Resident Set Size: 748920K (2% of 33363376K total physical memory with 2413012K free physical memory)

OOME stack traces (most recent first):
Classloader memory used:
Loader java.net.URLClassLoader                                                         : 50741K
Loader org.gradle.internal.classloader.VisitableURLClassLoader                         : 42952K
Loader org.gradle.internal.classloader.VisitableURLClassLoader$InstrumentingVisitableURLClassLoader: 32851K
Loader bootstrap                                                                       : 30264K
Loader org.gradle.initialization.MixInLegacyTypesClassLoader                           : 11511K
Loader jdk.internal.loader.ClassLoaders$PlatformClassLoader                            : 568K
Loader jdk.internal.reflect.DelegatingClassLoader                                      : 246K
Loader jdk.internal.loader.ClassLoaders$AppClassLoader                                 : 230K
Loader org.gradle.internal.classloader.VisitableURLClassLoader                         : 178K
Loader sun.reflect.misc.MethodUtil                                                     : 2960B

Classes loaded by more than one classloader:
Class Program                                                                         : loaded 5 times (x 69B)
Class Build_gradle                                                                    : loaded 3 times (x 127B)
Class Build_gradle$1                                                                  : loaded 3 times (x 72B)
Class kotlin.text.StringsKt__StringsKt                                                : loaded 2 times (x 68B)
Class com.google.common.base.PairwiseEquivalence                                      : loaded 2 times (x 80B)
Class com.google.common.base.Equivalence$Identity                                     : loaded 2 times (x 79B)
Class com.google.common.collect.RegularImmutableMap$KeySet                            : loaded 2 times (x 147B)
Class org.gradle.internal.classloader.FilteringClassLoader                            : loaded 2 times (x 102B)
Class kotlin.reflect.jvm.internal.impl.builtins.CompanionObjectMapping                : loaded 2 times (x 68B)
Class kotlin.reflect.jvm.internal.KClassImpl$Data$inheritedNonStaticMembers$2         : loaded 2 times (x 76B)
Class kotlin.sequences.FilteringSequence$iterator$1                                   : loaded 2 times (x 76B)
Class kotlin.sequences.SequencesKt__SequenceBuilderKt                                 : loaded 2 times (x 68B)
Class kotlin.reflect.jvm.internal.KCallableImpl$_annotations$1                        : loaded 2 times (x 76B)
Class kotlin.io.FilesKt__FileTreeWalkKt                                               : loaded 2 times (x 68B)
Class kotlin.jvm.internal.CollectionToArray                                           : loaded 2 times (x 68B)
Class kotlin.jvm.internal.MutablePropertyReference0                                   : loaded 2 times (x 134B)
Class kotlin.collections.CollectionsKt__ReversedViewsKt                               : loaded 2 times (x 68B)
Class [Lcom.google.common.base.AbstractIterator$State;                                : loaded 2 times (x 66B)
Class com.google.common.base.CharMatcher$IsEither                                     : loaded 2 times (x 108B)
Class org.gradle.internal.classloader.ClassLoaderHierarchy                            : loaded 2 times (x 67B)
Class kotlin.jvm.internal.PropertyReference1Impl                                      : loaded 2 times (x 124B)
Class kotlin.SafePublicationLazyImpl$Companion                                        : loaded 2 times (x 68B)
Class kotlin.jvm.internal.MutablePropertyReference1                                   : loaded 2 times (x 134B)
Class com.google.common.collect.ImmutableEnumSet                                      : loaded 2 times (x 143B)
Class com.google.common.util.concurrent.ExecutionError                                : loaded 2 times (x 79B)
Class com.google.common.collect.ImmutableList$1                                       : loaded 2 times (x 94B)
Class org.gradle.api.internal.classpath.ManifestUtil                                  : loaded 2 times (x 68B)
Class kotlin.reflect.jvm.internal.impl.builtins.PrimitiveType$typeFqName$2            : loaded 2 times (x 76B)
Class kotlin.ranges.IntProgression$Companion                                          : loaded 2 times (x 68B)
Class kotlin.reflect.jvm.internal.ReflectProperties$Val                               : loaded 2 times (x 71B)
Class kotlin.jvm.internal.MutablePropertyReference2                                   : loaded 2 times (x 134B)
Class org.jetbrains.kotlin.cli.common.arguments.ArgumentField                         : loaded 2 times (x 69B)
Class kotlin.collections.builders.MapBuilder                                          : loaded 2 times (x 109B)
Class com.google.common.collect.RegularImmutableMap                                   : loaded 2 times (x 118B)
Class com.google.common.collect.ImmutableMap$MapViewOfValuesAsSingletonSets           : loaded 2 times (x 122B)
Class kotlin.collections.builders.ListBuilder$Itr                                     : loaded 2 times (x 91B)
Class kotlin.sequences.TransformingSequence                                           : loaded 2 times (x 72B)
Class org.jetbrains.kotlin.config.ExplicitApiMode$Companion                           : loaded 2 times (x 68B)
Class [Lorg.objectweb.asm.Symbol;                                                     : loaded 2 times (x 66B)
Class org.objectweb.asm.ClassVisitor                                                  : loaded 2 times (x 85B)
Class com.google.common.collect.UnmodifiableListIterator                              : loaded 2 times (x 92B)
Class kotlin.reflect.jvm.internal.impl.name.FqName                                    : loaded 2 times (x 69B)
Class [Lkotlin.reflect.KClass;                                                        : loaded 2 times (x 66B)
Class org.jetbrains.kotlin.name.FqNameUnsafe$1                                        : loaded 2 times (x 71B)
Class org.objectweb.asm.MethodTooLargeException                                       : loaded 2 times (x 80B)
Class [Lcom.google.common.cache.CacheBuilder$OneWeigher;                              : loaded 2 times (x 66B)
Class com.google.common.base.Suppliers                                                : loaded 2 times (x 68B)
Class com.google.common.base.Platform$JdkPatternCompiler                              : loaded 2 times (x 72B)
Class org.gradle.internal.classloader.DefaultClassLoaderFactory                       : loaded 2 times (x 79B)
Class kotlin.reflect.jvm.internal.KDeclarationContainerImpl$Data$moduleData$2         : loaded 2 times (x 76B)
Class kotlin.sequences.SequencesKt___SequencesKt                                      : loaded 2 times (x 68B)
Class org.jetbrains.kotlin.cli.jvm.compiler.KotlinCoreEnvironment$Companion           : loaded 2 times (x 68B)
Class kotlin.KotlinVersion$Companion                                                  : loaded 2 times (x 68B)
Class org.jetbrains.kotlin.config.LanguageVersionSettings                             : loaded 2 times (x 67B)
Class kotlin.collections.AbstractList$Companion                                       : loaded 2 times (x 68B)
Class com.google.common.base.CharMatcher$None                                         : loaded 2 times (x 109B)
Class org.gradle.internal.classloader.ClassLoaderVisitor                              : loaded 2 times (x 73B)
Class kotlin.reflect.jvm.internal.KClassImpl$Data$objectInstance$2                    : loaded 2 times (x 76B)
Class kotlin.sequences.SequencesKt___SequencesKt$flatMap$2                            : loaded 2 times (x 122B)
Class kotlin.reflect.jvm.internal.KProperty1Impl                                      : loaded 2 times (x 125B)
Class [Lcom.google.common.collect.ImmutableMapEntry;                                  : loaded 2 times (x 66B)
Class org.gradle.api.internal.classpath.EffectiveClassPath                            : loaded 2 times (x 87B)
Class kotlin.reflect.jvm.internal.impl.name.FqNameUnsafe$1                            : loaded 2 times (x 71B)
Class kotlin.text.StringsKt__AppendableKt                                             : loaded 2 times (x 68B)
Class [Lorg.apache.commons.io.StandardLineSeparator;                                  : loaded 2 times (x 66B)
Class org.apache.commons.io.output.StringBuilderWriter                                : loaded 2 times (x 97B)
Class com.google.common.collect.ImmutableEnumMap                                      : loaded 2 times (x 122B)
Class com.google.common.collect.ListMultimap                                          : loaded 2 times (x 67B)
Class kotlin.jvm.internal.ArrayIteratorKt                                             : loaded 2 times (x 68B)
Class kotlin.reflect.jvm.internal.KCallableImpl                                       : loaded 2 times (x 102B)
Class kotlin.reflect.KProperty$Accessor                                               : loaded 2 times (x 67B)
Class [Lkotlin.reflect.KCallable;                                                     : loaded 2 times (x 66B)
Class com.google.common.collect.Sets$1                                                : loaded 2 times (x 136B)
Class org.objectweb.asm.AnnotationVisitor                                             : loaded 2 times (x 75B)
Class com.google.common.base.Splitter                                                 : loaded 2 times (x 69B)
Class org.gradle.api.internal.DefaultClassPathProvider                                : loaded 2 times (x 73B)
Class kotlin.reflect.jvm.internal.impl.builtins.PrimitiveType$arrayTypeFqName$2       : loaded 2 times (x 76B)
Class kotlin.reflect.jvm.internal.impl.builtins.jvm.JavaToKotlinClassMap$PlatformMutabilityMapping: loaded 2 times (x 69B)
Class kotlin.sequences.Sequence                                                       : loaded 2 times (x 67B)
Class kotlin.collections.builders.MapBuilder$EntryRef                                 : loaded 2 times (x 78B)
Class kotlin.text.StringsKt__StringNumberConversionsJVMKt                             : loaded 2 times (x 68B)
Class com.google.common.collect.Sets$2                                                : loaded 2 times (x 136B)
Class [Lorg.gradle.api.internal.ClassPathProvider;                                    : loaded 2 times (x 66B)
Class org.gradle.api.internal.ClassPathProvider                                       : loaded 2 times (x 67B)
Class kotlin.jvm.functions.Function20                                                 : loaded 2 times (x 67B)
Class kotlin.collections.CollectionsKt___CollectionsKt$asSequence$$inlined$Sequence$1 : loaded 2 times (x 72B)
Class org.jetbrains.kotlin.cli.common.arguments.Argument                              : loaded 2 times (x 67B)
Class org.jetbrains.kotlin.cli.common.CompilerSystemProperties                        : loaded 2 times (x 77B)
Class [Lorg.objectweb.asm.AnnotationVisitor;                                          : loaded 2 times (x 66B)
Class com.google.common.collect.Sets$3                                                : loaded 2 times (x 136B)
Class com.google.common.util.concurrent.AbstractFuture$SafeAtomicHelper               : loaded 2 times (x 76B)
Class com.google.common.cache.LocalCache$LocalLoadingCache                            : loaded 2 times (x 131B)
Class com.google.common.base.AbstractIterator$State                                   : loaded 2 times (x 76B)
Class org.gradle.internal.service.UnknownServiceException                             : loaded 2 times (x 80B)
Class kotlin.jvm.functions.Function21                                                 : loaded 2 times (x 67B)
Class kotlin.reflect.jvm.internal.impl.name.ClassId                                   : loaded 2 times (x 69B)
Class org.jetbrains.kotlin.config.JvmDefaultMode                                      : loaded 2 times (x 76B)
Class com.google.common.collect.Sets$4                                                : loaded 2 times (x 136B)
Class org.objectweb.asm.ModuleVisitor                                                 : loaded 2 times (x 78B)
Class com.google.common.cache.LocalCache$Strength$1                                   : loaded 2 times (x 78B)
Class kotlin.jvm.functions.Function22                                                 : loaded 2 times (x 67B)
Class kotlin.collections.MapWithDefault                                               : loaded 2 times (x 67B)
Class kotlin.collections.builders.MapBuilderEntries                                   : loaded 2 times (x 142B)
Class org.jetbrains.kotlin.cli.common.messages.CompilerMessageSeverity                : loaded 2 times (x 76B)
Class org.apache.commons.io.output.QueueOutputStream                                  : loaded 2 times (x 84B)
Class com.google.common.util.concurrent.SettableFuture                                : loaded 2 times (x 111B)
Class com.google.common.cache.LocalCache$Strength$2                                   : loaded 2 times (x 78B)
Class kotlin.sequences.SequencesKt__SequencesKt$generateSequence$1                    : loaded 2 times (x 76B)
Class kotlin.reflect.jvm.internal.KClassImpl$Data$descriptor$2                        : loaded 2 times (x 76B)
Class kotlin.reflect.KTypeParameter                                                   : loaded 2 times (x 67B)
Class kotlin.collections.ArraysKt___ArraysJvmKt                                       : loaded 2 times (x 68B)
Class kotlin.collections.CollectionsKt__CollectionsKt                                 : loaded 2 times (x 68B)
Class kotlin.text.StringsKt__RegexExtensionsJVMKt                                     : loaded 2 times (x 68B)
Class com.google.common.cache.LocalCache$Strength$3                                   : loaded 2 times (x 78B)
Class com.google.common.collect.MapDifference                                         : loaded 2 times (x 67B)
Class com.google.common.base.Splitter$1                                               : loaded 2 times (x 74B)
Class kotlin.sequences.SequencesKt__SequencesKt$generateSequence$2                    : loaded 2 times (x 76B)
Class kotlin._Assertions                                                              : loaded 2 times (x 68B)
Class kotlin.text.Regex$Companion                                                     : loaded 2 times (x 68B)
Class org.objectweb.asm.FieldWriter                                                   : loaded 2 times (x 75B)
Class com.google.common.cache.CacheBuilder$NullListener                               : loaded 2 times (x 79B)
Class org.gradle.internal.classpath.TransformedClassPath                              : loaded 2 times (x 93B)
Class kotlin.reflect.jvm.internal.KPropertyImpl$_javaField$1                          : loaded 2 times (x 76B)
Class kotlin.reflect.jvm.internal.KClassImpl$data$1                                   : loaded 2 times (x 76B)
Class kotlin.jvm.internal.FunctionReference                                           : loaded 2 times (x 119B)
Class kotlin.jvm.internal.FunctionBase                                                : loaded 2 times (x 67B)
Class kotlin.enums.EnumEntriesList                                                    : loaded 2 times (x 220B)
Class org.apache.commons.io.output.UnsynchronizedByteArrayOutputStream                : loaded 2 times (x 99B)
Class com.google.common.cache.CacheLoader$FunctionToCacheLoader                       : loaded 2 times (x 72B)
Class com.google.common.collect.Iterators$ArrayItr                                    : loaded 2 times (x 94B)
Class com.google.common.collect.ImmutableCollection$Builder                           : loaded 2 times (x 73B)
Class kotlin.collections.builders.ListBuilder$Companion                               : loaded 2 times (x 68B)
Class kotlin.collections.builders.ListBuilder                                         : loaded 2 times (x 204B)
Class kotlin.reflect.jvm.internal.impl.name.FqNamesUtilKt                             : loaded 2 times (x 68B)
Class org.jetbrains.kotlin.config.LanguageFeature                                     : loaded 2 times (x 77B)
Class kotlin.comparisons.ComparisonsKt___ComparisonsJvmKt                             : loaded 2 times (x 68B)
Class kotlin.collections.builders.AbstractMapBuilderEntrySet                          : loaded 2 times (x 141B)
Class kotlin.collections.CollectionsKt__IteratorsJVMKt                                : loaded 2 times (x 68B)
Class org.apache.commons.io.output.ByteArrayOutputStream                              : loaded 2 times (x 99B)
Class com.google.common.base.Joiner                                                   : loaded 2 times (x 76B)
Class com.google.common.base.MoreObjects                                              : loaded 2 times (x 68B)
Class kotlin.reflect.KProperty0                                                       : loaded 2 times (x 67B)
Class org.jetbrains.kotlin.config.LanguageOrApiVersion                                : loaded 2 times (x 67B)
Class org.jetbrains.kotlin.cli.common.arguments.PreprocessCommandLineArgumentsKt      : loaded 2 times (x 68B)
Class [Lorg.objectweb.asm.Type;                                                       : loaded 2 times (x 66B)
Class com.google.common.collect.Platform                                              : loaded 2 times (x 68B)
Class com.google.common.collect.UnmodifiableIterator                                  : loaded 2 times (x 77B)
Class org.gradle.internal.service.ServiceLocator                                      : loaded 2 times (x 67B)
Class kotlin.sequences.TransformingSequence$iterator$1                                : loaded 2 times (x 76B)
Class [Lkotlin.Function;                                                              : loaded 2 times (x 66B)
Class kotlin.Pair                                                                     : loaded 2 times (x 69B)
Class kotlin.reflect.KClass                                                           : loaded 2 times (x 67B)
Class kotlin.reflect.KProperty1                                                       : loaded 2 times (x 67B)
Class com.google.common.collect.SingletonImmutableBiMap                               : loaded 2 times (x 140B)
Class com.google.common.base.Ascii                                                    : loaded 2 times (x 68B)
Class com.google.common.cache.LocalCache$1                                            : loaded 2 times (x 86B)
Class com.google.common.collect.AbstractMapEntry                                      : loaded 2 times (x 78B)
Class kotlin.reflect.jvm.internal.KClassImpl$Data$qualifiedName$2                     : loaded 2 times (x 76B)
Class kotlin.collections.CollectionsKt___CollectionsKt$withIndex$1                    : loaded 2 times (x 76B)
Class kotlin.sequences.GeneratorSequence$iterator$1                                   : loaded 2 times (x 76B)
Class kotlin.io.CloseableKt                                                           : loaded 2 times (x 68B)
Class kotlin.reflect.KProperty2                                                       : loaded 2 times (x 67B)
Class kotlin.collections.CollectionsKt__MutableCollectionsKt                          : loaded 2 times (x 68B)
Class com.google.common.collect.Sets$ImprovedAbstractSet                              : loaded 2 times (x 132B)
Class com.google.common.collect.ImmutableList$Builder                                 : loaded 2 times (x 74B)
Class com.google.common.cache.LocalCache$2                                            : loaded 2 times (x 139B)
Class com.google.common.collect.AbstractMultimap                                      : loaded 2 times (x 120B)
Class kotlin.reflect.jvm.internal.impl.utils.CollectionsKt                            : loaded 2 times (x 68B)
Class kotlin.ReplaceWith                                                              : loaded 2 times (x 67B)
Class kotlin.io.TerminateException                                                    : loaded 2 times (x 79B)
Class kotlin.io.FilesKt__FilePathComponentsKt                                         : loaded 2 times (x 68B)
Class kotlin.reflect.KCallable                                                        : loaded 2 times (x 67B)
Class com.google.common.util.concurrent.AbstractFuture$UnsafeAtomicHelper$1           : loaded 2 times (x 73B)
Class com.google.common.collect.RegularImmutableAsList                                : loaded 2 times (x 213B)
Class kotlin.text.CharsKt                                                             : loaded 2 times (x 68B)
Class com.google.common.util.concurrent.AbstractFuture$Trusted                        : loaded 2 times (x 67B)
Class com.google.common.collect.Iterators                                             : loaded 2 times (x 68B)
Class com.google.common.base.CharMatcher$RangesMatcher                                : loaded 2 times (x 109B)
Class kotlin.reflect.jvm.internal.KMutableProperty1Impl                               : loaded 2 times (x 132B)
Class org.jetbrains.kotlin.config.Services                                            : loaded 2 times (x 69B)
Class com.google.common.util.concurrent.UncheckedExecutionException                   : loaded 2 times (x 79B)
Class com.google.common.collect.Lists$StringAsImmutableList                           : loaded 2 times (x 204B)
Class org.gradle.kotlin.dsl.VersionCatalogAccessorsKt                                 : loaded 2 times (x 68B)
Class kotlin.reflect.jvm.internal.KClassImpl$Data$declaredMembers$2                   : loaded 2 times (x 76B)
Class kotlin.collections.builders.MapBuilder$EntriesItr                               : loaded 2 times (x 78B)
Class com.google.common.base.CharMatcher$JavaLetterOrDigit                            : loaded 2 times (x 108B)
Class org.gradle.internal.InternalTransformer                                         : loaded 2 times (x 67B)
Class kotlin.DeprecationLevel                                                         : loaded 2 times (x 76B)
Class kotlin.jvm.JvmStatic                                                            : loaded 2 times (x 67B)
Class kotlin.collections.ArraysKt___ArraysKt$asSequence$$inlined$Sequence$1           : loaded 2 times (x 72B)
Class kotlin.reflect.jvm.internal.ReflectionFactoryImpl                               : loaded 2 times (x 88B)
Class kotlin.collections.MapsKt__MapsJVMKt                                            : loaded 2 times (x 68B)
Class kotlin.collections.EmptyList                                                    : loaded 2 times (x 171B)
Class com.google.common.collect.AbstractMapBasedMultimap$KeySet$1                     : loaded 2 times (x 79B)
Class org.objectweb.asm.ClassWriter                                                   : loaded 2 times (x 103B)
Class com.google.common.cache.CacheLoader$UnsupportedLoadingOperationException        : loaded 2 times (x 79B)
Class com.google.common.base.CharMatcher$And                                          : loaded 2 times (x 109B)
Class org.gradle.internal.classloader.ClasspathUtil$1                                 : loaded 2 times (x 73B)
Class kotlin.reflect.jvm.internal.impl.builtins.StandardNames$FqNames                 : loaded 2 times (x 68B)
Class kotlin.collections.builders.ListBuilderKt                                       : loaded 2 times (x 68B)
Class com.google.common.base.Objects                                                  : loaded 2 times (x 68B)
Class org.objectweb.asm.FieldVisitor                                                  : loaded 2 times (x 74B)
Class com.google.common.collect.IndexedImmutableSet                                   : loaded 2 times (x 147B)
Class com.google.common.collect.ImmutableMap$1                                        : loaded 2 times (x 78B)
Class com.google.common.collect.BiMap                                                 : loaded 2 times (x 67B)
Class org.gradle.api.internal.classpath.DefaultModuleRegistry$DefaultModule           : loaded 2 times (x 83B)
Class org.jetbrains.kotlin.name.ClassId                                               : loaded 2 times (x 69B)
Class com.google.common.primitives.Ints                                               : loaded 2 times (x 68B)
Class com.google.common.collect.AbstractIterator                                      : loaded 2 times (x 79B)
Class kotlin.reflect.jvm.internal.KClassImpl$Data$inheritedStaticMembers$2            : loaded 2 times (x 76B)
Class kotlin.collections.IndexingIterable                                             : loaded 2 times (x 76B)
Class kotlin.Deprecated                                                               : loaded 2 times (x 67B)
Class kotlin.collections.ArraysKt__ArraysKt                                           : loaded 2 times (x 68B)
Class com.google.common.math.MathPreconditions                                        : loaded 2 times (x 68B)
Class com.google.common.collect.Multiset                                              : loaded 2 times (x 67B)
Class com.google.common.collect.ArrayListMultimapGwtSerializationDependencies         : loaded 2 times (x 169B)
Class com.google.common.collect.ObjectArrays                                          : loaded 2 times (x 68B)
Class com.google.common.collect.AbstractIndexedListIterator                           : loaded 2 times (x 93B)
Class kotlin.NotImplementedError                                                      : loaded 2 times (x 79B)
Class kotlin.collections.SetsKt__SetsJVMKt                                            : loaded 2 times (x 68B)
Class kotlin.reflect.jvm.internal.KotlinReflectionInternalError                       : loaded 2 times (x 79B)
Class kotlin.Function                                                                 : loaded 2 times (x 67B)
Class org.apache.commons.io.output.NullOutputStream                                   : loaded 2 times (x 82B)
Class com.google.common.collect.ImmutableMapEntrySet                                  : loaded 2 times (x 148B)
Class org.gradle.api.internal.classpath.Module                                        : loaded 2 times (x 67B)
Class kotlin.io.FileAlreadyExistsException                                            : loaded 2 times (x 79B)
Class kotlin.internal.ProgressionUtilKt                                               : loaded 2 times (x 68B)
Class kotlin.KotlinVersion                                                            : loaded 2 times (x 71B)
Class kotlin.reflect.jvm.internal.KClassifierImpl                                     : loaded 2 times (x 67B)
Class kotlin.reflect.KMutableProperty                                                 : loaded 2 times (x 67B)
Class com.google.common.cache.Weigher                                                 : loaded 2 times (x 67B)
Class org.gradle.api.internal.classpath.UnknownModuleException                        : loaded 2 times (x 79B)
Class org.jetbrains.kotlin.config.ApiVersion                                          : loaded 2 times (x 83B)
Class kotlin.jvm.internal.PropertyReference                                           : loaded 2 times (x 112B)
Class org.jetbrains.kotlin.cli.common.arguments.K2JVMCompilerArguments$Companion      : loaded 2 times (x 68B)
Class org.jetbrains.kotlin.config.Services$Companion                                  : loaded 2 times (x 68B)
Class com.google.common.base.Stopwatch                                                : loaded 2 times (x 69B)
Class com.google.common.cache.LocalCache$Strength                                     : loaded 2 times (x 78B)
Class com.google.common.cache.Cache                                                   : loaded 2 times (x 67B)
Class kotlin.reflect.jvm.internal.KClassImpl$Data$nestedClasses$2                     : loaded 2 times (x 76B)
Class kotlin.collections.IndexingIterator                                             : loaded 2 times (x 76B)
Class com.google.common.util.concurrent.AbstractFuture$Cancellation                   : loaded 2 times (x 69B)
Class com.google.common.collect.ImmutableMap$Builder                                  : loaded 2 times (x 79B)
Class com.google.common.base.NullnessCasts                                            : loaded 2 times (x 68B)
Class [Lkotlin.reflect.jvm.internal.impl.builtins.PrimitiveType;                      : loaded 2 times (x 66B)
Class kotlin.reflect.jvm.internal.impl.builtins.StandardNames                         : loaded 2 times (x 68B)
Class kotlin.reflect.jvm.internal.KClassImpl$Data$annotations$2                       : loaded 2 times (x 76B)
Class kotlin.reflect.jvm.internal.ReflectProperties$LazySoftVal                       : loaded 2 times (x 75B)
Class [Lkotlin.reflect.KAnnotatedElement;                                             : loaded 2 times (x 66B)
Class org.jetbrains.kotlin.cli.common.arguments.CommonToolArguments$Companion         : loaded 2 times (x 68B)
Class com.google.common.cache.RemovalListener                                         : loaded 2 times (x 67B)
Class org.gradle.api.internal.DefaultClassPathRegistry                                : loaded 2 times (x 73B)
Class kotlin.reflect.jvm.internal.KPropertyImpl                                       : loaded 2 times (x 112B)
Class kotlin.ranges.ClosedRange                                                       : loaded 2 times (x 67B)
Class kotlin.reflect.KProperty                                                        : loaded 2 times (x 67B)
Class kotlin.jvm.internal.Reflection                                                  : loaded 2 times (x 68B)
Class kotlin.jvm.JvmClassMappingKt                                                    : loaded 2 times (x 68B)
Class org.jetbrains.kotlin.load.java.JvmAbi                                           : loaded 2 times (x 68B)
Class [Lorg.jetbrains.kotlin.config.JvmDefaultMode;                                   : loaded 2 times (x 66B)
Class org.jetbrains.kotlin.cli.common.messages.MessageCollector                       : loaded 2 times (x 67B)
Class com.google.common.primitives.IntsMethodsForWeb                                  : loaded 2 times (x 68B)
Class com.google.common.collect.Multimap                                              : loaded 2 times (x 67B)
Class org.gradle.api.internal.ClassPathRegistry                                       : loaded 2 times (x 67B)
Class org.gradle.internal.classpath.DefaultClassPath$ImmutableUniqueList              : loaded 2 times (x 196B)
Class kotlin.jvm.internal.TypeIntrinsics                                              : loaded 2 times (x 68B)
Class kotlin.reflect.jvm.internal.impl.resolve.jvm.JvmPrimitiveType                   : loaded 2 times (x 76B)
Class kotlin.reflect.jvm.internal.KClassImpl$Data$declaredNonStaticMembers$2          : loaded 2 times (x 76B)
Class kotlin.collections.IntIterator                                                  : loaded 2 times (x 79B)
Class kotlin.text.StringsKt__StringsJVMKt                                             : loaded 2 times (x 68B)
Class com.google.common.base.ExtraObjectsMethodsForWeb                                : loaded 2 times (x 68B)
Class org.apache.commons.io.IOUtils                                                   : loaded 2 times (x 68B)
Class kotlin.collections.SetsKt                                                       : loaded 2 times (x 68B)
Class org.jetbrains.kotlin.config.JvmDefaultMode$Companion                            : loaded 2 times (x 68B)
Class kotlin.text.StringsKt__IndentKt                                                 : loaded 2 times (x 68B)
Class kotlin.sequences.DropTakeSequence                                               : loaded 2 times (x 67B)
Class com.google.common.cache.CacheBuilder                                            : loaded 2 times (x 69B)
Class com.google.common.collect.SingletonImmutableList                                : loaded 2 times (x 204B)
Class Settings_gradle$1                                                               : loaded 2 times (x 71B)
Class org.gradle.internal.classpath.ClassPath                                         : loaded 2 times (x 67B)
Class org.gradle.api.UncheckedIOException                                             : loaded 2 times (x 79B)
Class [Lkotlin.reflect.jvm.internal.impl.name.FqName;                                 : loaded 2 times (x 66B)
Class kotlin.reflect.jvm.internal.KPackageImpl                                        : loaded 2 times (x 82B)
Class kotlin.reflect.KFunction                                                        : loaded 2 times (x 67B)
Class com.google.common.collect.ImmutableList$ReverseImmutableList                    : loaded 2 times (x 205B)
Class com.google.common.base.JdkPattern                                               : loaded 2 times (x 72B)
Class kotlin.reflect.jvm.internal.KClassImpl$Data$declaredStaticMembers$2             : loaded 2 times (x 76B)
Class kotlin.reflect.jvm.internal.KProperty1Impl$delegateSource$1                     : loaded 2 times (x 76B)
Class org.jetbrains.kotlin.com.intellij.openapi.diagnostic.Logger                     : loaded 2 times (x 95B)
Class [Lkotlin.reflect.KDeclarationContainer;                                         : loaded 2 times (x 66B)
Class kotlin.collections.MapsKt__MapsKt                                               : loaded 2 times (x 68B)
Class kotlin.jvm.internal.Lambda                                                      : loaded 2 times (x 72B)
Class org.jetbrains.kotlin.cli.common.arguments.Freezable                             : loaded 2 times (x 69B)
Class org.objectweb.asm.SymbolTable$Entry                                             : loaded 2 times (x 71B)
Class com.google.common.util.concurrent.AbstractFuture$AtomicHelper                   : loaded 2 times (x 75B)
Class kotlin.jvm.internal.markers.KMutableMap$Entry                                   : loaded 2 times (x 67B)
Class org.objectweb.asm.Edge                                                          : loaded 2 times (x 69B)
Class com.google.common.base.Suppliers$SupplierOfInstance                             : loaded 2 times (x 76B)
Class com.google.common.collect.Iterators$1                                           : loaded 2 times (x 78B)
Class kotlin.properties.Delegates                                                     : loaded 2 times (x 68B)
Class kotlin.Metadata                                                                 : loaded 2 times (x 67B)
Class kotlin.collections.AbstractMutableSet                                           : loaded 2 times (x 139B)
Class kotlin.UninitializedPropertyAccessException                                     : loaded 2 times (x 79B)
Class com.google.common.cache.LocalCache$ComputingValueReference                      : loaded 2 times (x 93B)
Class com.google.common.collect.SingletonImmutableSet                                 : loaded 2 times (x 143B)
Class com.google.common.collect.ImmutableMap$IteratorBasedImmutableMap                : loaded 2 times (x 122B)
Class kotlin.reflect.jvm.internal.KClassImpl$Data$supertypes$2                        : loaded 2 times (x 76B)
Class kotlin.sequences.SequencesKt___SequencesKt$filterNotNull$1                      : loaded 2 times (x 75B)
Class kotlin.reflect.KProperty$Getter                                                 : loaded 2 times (x 67B)
Class [Lorg.jetbrains.kotlin.cli.common.messages.CompilerMessageSeverity;             : loaded 2 times (x 66B)
Class com.google.common.cache.LocalCache$Segment                                      : loaded 2 times (x 151B)
Class org.jetbrains.kotlin.cli.jvm.compiler.KotlinCoreEnvironment                     : loaded 2 times (x 69B)
Class kotlin.SafePublicationLazyImpl                                                  : loaded 2 times (x 73B)
Class kotlin.reflect.jvm.internal.ReflectProperties                                   : loaded 2 times (x 68B)
Class org.jetbrains.kotlin.utils.DescriptionAware                                     : loaded 2 times (x 67B)
Class [Lorg.objectweb.asm.SymbolTable$Entry;                                          : loaded 2 times (x 66B)
Class com.google.common.cache.CacheLoader                                             : loaded 2 times (x 71B)
Class com.google.common.collect.Iterators$4                                           : loaded 2 times (x 79B)
Class com.google.common.collect.ImmutableBiMap                                        : loaded 2 times (x 140B)
Class com.google.common.collect.AbstractListMultimap                                  : loaded 2 times (x 169B)
Class org.gradle.internal.installation.GradleInstallation$1                           : loaded 2 times (x 72B)
Class org.gradle.api.internal.classpath.ModuleRegistry                                : loaded 2 times (x 67B)
Class org.apache.commons.io.output.NullWriter                                         : loaded 2 times (x 96B)
Class com.google.common.util.concurrent.internal.InternalFutureFailureAccess          : loaded 2 times (x 69B)
Class com.google.common.collect.Iterators$5                                           : loaded 2 times (x 79B)
Class com.google.common.collect.ImmutableSet$JdkBackedSetBuilderImpl                  : loaded 2 times (x 73B)
Class com.google.common.base.Splitter$SplittingIterator                               : loaded 2 times (x 81B)
Class kotlin.reflect.jvm.internal.KDeclarationContainerImpl                           : loaded 2 times (x 81B)
Class org.jetbrains.kotlin.name.FqNameUnsafe                                          : loaded 2 times (x 69B)
Class com.google.common.util.concurrent.AbstractFuture$UnsafeAtomicHelper             : loaded 2 times (x 75B)
Class com.google.common.cache.LocalCache$LocalManualCache$1                           : loaded 2 times (x 72B)
Class com.google.common.base.CharMatcher$ForPredicate                                 : loaded 2 times (x 109B)
Class kotlin.io.FilesKt__UtilsKt                                                      : loaded 2 times (x 68B)
Class org.jetbrains.kotlin.config.AnalysisFlag                                        : loaded 2 times (x 69B)
Class kotlin.collections.CollectionsKt__CollectionsJVMKt                              : loaded 2 times (x 68B)
Class com.google.common.collect.ImmutableCollection                                   : loaded 2 times (x 122B)
Class com.google.common.base.CharMatcher$AnyOf                                        : loaded 2 times (x 109B)
Class org.gradle.api.internal.classpath.DefaultModuleRegistry                         : loaded 2 times (x 80B)
Class kotlin.reflect.jvm.internal.impl.name.SpecialNames                              : loaded 2 times (x 68B)
Class kotlin.collections.IndexedValue                                                 : loaded 2 times (x 69B)
Class kotlin.sequences.SequencesKt                                                    : loaded 2 times (x 68B)
Class kotlin.KotlinVersionCurrentValue                                                : loaded 2 times (x 68B)
Class kotlin.collections.builders.MapBuilder$Itr                                      : loaded 2 times (x 69B)
Class kotlin.collections.CollectionsKt__IteratorsKt                                   : loaded 2 times (x 68B)
Class com.google.common.util.concurrent.ListenableFuture                              : loaded 2 times (x 67B)
Class com.google.common.cache.ReferenceEntry                                          : loaded 2 times (x 67B)
Class com.google.common.collect.ImmutableSet$CachingAsList                            : loaded 2 times (x 144B)
Class com.google.common.base.Converter                                                : loaded 2 times (x 87B)
Class com.google.common.collect.Lists                                                 : loaded 2 times (x 68B)
Class com.google.common.base.CharMatcher$Any                                          : loaded 2 times (x 109B)
Class kotlin.reflect.jvm.internal.KClassImpl$Data$allMembers$2                        : loaded 2 times (x 76B)
Class org.jetbrains.kotlin.com.intellij.openapi.diagnostic.Logger$DefaultFactory      : loaded 2 times (x 71B)
Class kotlin.jvm.internal.markers.KMutableSet                                         : loaded 2 times (x 67B)
Class kotlin.text.StringsKt                                                           : loaded 2 times (x 68B)
Class com.google.common.util.concurrent.AbstractFuture                                : loaded 2 times (x 103B)
Class com.google.common.base.FunctionalEquivalence                                    : loaded 2 times (x 80B)
Class com.google.common.collect.Iterators$9                                           : loaded 2 times (x 78B)
Class com.google.common.collect.AbstractMapBasedMultimap                              : loaded 2 times (x 136B)
Class com.google.common.collect.ImmutableAsList                                       : loaded 2 times (x 206B)
Class kotlin.LazyKt__LazyJVMKt                                                        : loaded 2 times (x 68B)
Class org.jetbrains.kotlin.config.ExplicitApiMode                                     : loaded 2 times (x 76B)
Class org.objectweb.asm.RecordComponentVisitor                                        : loaded 2 times (x 74B)
Class com.google.common.cache.CacheLoader$SupplierToCacheLoader                       : loaded 2 times (x 72B)
Class kotlin.jvm.internal.markers.KMutableList                                        : loaded 2 times (x 67B)
Class kotlin.io.FilesKt__FileReadWriteKt                                              : loaded 2 times (x 68B)
Class [Lkotlin.Pair;                                                                  : loaded 2 times (x 66B)
Class kotlin.text.StringsKt__StringNumberConversionsKt                                : loaded 2 times (x 68B)
Class org.jetbrains.kotlin.cli.common.CompilerSystemProperties$value$1                : loaded 2 times (x 122B)
Class com.google.common.collect.Maps$EntryTransformer                                 : loaded 2 times (x 67B)
Class org.gradle.internal.service.ServiceLookupException                              : loaded 2 times (x 79B)
Class [Lkotlin.sequences.Sequence;                                                    : loaded 2 times (x 66B)
Class kotlin.jvm.internal.MutablePropertyReference1Impl                               : loaded 2 times (x 134B)
Class [Lcom.google.common.cache.LocalCache$EntryFactory;                              : loaded 2 times (x 66B)
Class com.google.common.base.CharMatcher$JavaLetter                                   : loaded 2 times (x 108B)
Class org.gradle.internal.classloader.ClassLoaderFactory                              : loaded 2 times (x 67B)
Class kotlin.reflect.jvm.internal.impl.builtins.PrimitiveType                         : loaded 2 times (x 76B)
Class org.jetbrains.kotlin.cli.common.arguments.ArgumentParseErrors                   : loaded 2 times (x 69B)
Class org.apache.commons.io.CloseableURLConnection                                    : loaded 2 times (x 114B)
Class com.google.common.cache.LocalCache$LocalManualCache                             : loaded 2 times (x 96B)
Class com.google.common.base.CharMatcher$IsNot                                        : loaded 2 times (x 108B)
Class com.google.common.base.CommonPattern                                            : loaded 2 times (x 71B)
Class org.gradle.internal.service.CachingServiceLocator                               : loaded 2 times (x 79B)
Class kotlin.jvm.internal.CallableReference                                           : loaded 2 times (x 103B)
Class com.google.common.collect.AbstractMapBasedMultimap$KeySet                       : loaded 2 times (x 134B)
Class com.google.common.math.IntMath                                                  : loaded 2 times (x 68B)
Class kotlin.reflect.jvm.internal.impl.descriptors.runtime.structure.ReflectClassUtilKt: loaded 2 times (x 68B)
Class kotlin.ranges.IntRange                                                          : loaded 2 times (x 90B)
Class kotlin.properties.ReadOnlyProperty                                              : loaded 2 times (x 67B)
Class kotlin.jvm.internal.markers.KMutableMap                                         : loaded 2 times (x 67B)
Class com.google.common.collect.Iterators$10                                          : loaded 2 times (x 78B)
Class com.google.common.collect.ImmutableMapEntry                                     : loaded 2 times (x 82B)
Class com.google.common.base.CharMatcher$JavaDigit                                    : loaded 2 times (x 108B)
Class org.jetbrains.kotlin.name.FqName                                                : loaded 2 times (x 69B)
Class org.jetbrains.kotlin.cli.common.arguments.CommonCompilerArguments$Companion     : loaded 2 times (x 68B)
Class kotlin.enums.EnumEntries                                                        : loaded 2 times (x 67B)
Class com.google.common.base.Equivalence                                              : loaded 2 times (x 79B)
Class com.google.common.collect.ImmutableMapEntry$NonTerminalImmutableMapEntry        : loaded 2 times (x 82B)
Class com.google.common.base.Function                                                 : loaded 2 times (x 67B)
Class kotlin.jvm.internal.markers.KMutableListIterator                                : loaded 2 times (x 67B)
Class kotlin.reflect.jvm.internal.KCallableImpl$_returnType$1                         : loaded 2 times (x 76B)
Class [Lorg.jetbrains.kotlin.cli.common.CompilerSystemProperties;                     : loaded 2 times (x 66B)
Class org.apache.commons.io.output.AbstractByteArrayOutputStream                      : loaded 2 times (x 99B)
Class com.google.common.cache.CacheBuilder$OneWeigher                                 : loaded 2 times (x 79B)
Class com.google.common.collect.RegularImmutableList                                  : loaded 2 times (x 209B)
Class org.jetbrains.kotlin.com.intellij.openapi.diagnostic.Logger$Factory             : loaded 2 times (x 67B)
Class kotlin.reflect.jvm.internal.KDeclarationContainerImpl$Companion                 : loaded 2 times (x 68B)
Class com.google.common.collect.ImmutableBiMapFauxverideShim                          : loaded 2 times (x 117B)
Class org.gradle.internal.classloader.ClasspathUtil                                   : loaded 2 times (x 68B)
Class kotlin.sequences.EmptySequence                                                  : loaded 2 times (x 75B)
Class kotlin.io.FileSystemException                                                   : loaded 2 times (x 79B)
Class kotlin.jvm.internal.PropertyReference0                                          : loaded 2 times (x 124B)
Class org.jetbrains.kotlin.cli.common.arguments.ParseCommandLineArgumentsKt           : loaded 2 times (x 68B)
Class com.google.common.base.Charsets                                                 : loaded 2 times (x 68B)
Class com.google.common.util.concurrent.Uninterruptibles                              : loaded 2 times (x 68B)
Class kotlin.reflect.full.IllegalCallableAccessException                              : loaded 2 times (x 79B)
Class kotlin.jvm.internal.DefaultConstructorMarker                                    : loaded 2 times (x 68B)
Class kotlin.jvm.internal.PropertyReference1                                          : loaded 2 times (x 124B)
Class com.google.common.collect.Maps                                                  : loaded 2 times (x 68B)
Class com.google.common.base.CharMatcher$JavaUpperCase                                : loaded 2 times (x 108B)
Class org.gradle.api.specs.Spec                                                       : loaded 2 times (x 67B)
Class kotlin.UnsafeLazyImpl                                                           : loaded 2 times (x 73B)
Class kotlin.LazyKt__LazyJVMKt$WhenMappings                                           : loaded 2 times (x 68B)
Class kotlin.jvm.internal.PropertyReference2                                          : loaded 2 times (x 124B)
Class kotlin.jvm.internal.MutablePropertyReference                                    : loaded 2 times (x 116B)
Class org.jetbrains.kotlin.name.Name                                                  : loaded 2 times (x 72B)
Class [Lcom.google.common.collect.ImmutableEntry;                                     : loaded 2 times (x 66B)
Class [Lkotlin.reflect.jvm.internal.impl.builtins.jvm.JavaToKotlinClassMap$PlatformMutabilityMapping;: loaded 2 times (x 66B)
Class kotlin.reflect.jvm.internal.KClassImpl$Data$constructors$2                      : loaded 2 times (x 76B)
Class kotlin.jvm.internal.ArrayIterator                                               : loaded 2 times (x 76B)
Class kotlin.reflect.full.IllegalPropertyDelegateAccessException                      : loaded 2 times (x 79B)
Class kotlin.LazyThreadSafetyMode                                                     : loaded 2 times (x 76B)
Class com.google.common.cache.LocalCache$LoadingValueReference                        : loaded 2 times (x 93B)
Class kotlin.jvm.internal.SpreadBuilder                                               : loaded 2 times (x 73B)
Class kotlin.collections.EmptyIterator                                                : loaded 2 times (x 86B)
Class kotlin.SynchronizedLazyImpl                                                     : loaded 2 times (x 73B)
Class kotlin.text.StringsKt__RegexExtensionsKt                                        : loaded 2 times (x 68B)
Class kotlin.reflect.jvm.internal.impl.builtins.jvm.JavaToKotlinClassMap              : loaded 2 times (x 68B)
Class com.google.common.base.Platform                                                 : loaded 2 times (x 68B)
Class kotlin.sequences.SequencesKt__SequencesJVMKt                                    : loaded 2 times (x 68B)
Class kotlin.io.FilePathComponents                                                    : loaded 2 times (x 69B)
Class kotlin.collections.AbstractList                                                 : loaded 2 times (x 194B)
Class kotlin.collections.AbstractCollection                                           : loaded 2 times (x 114B)
Class org.jetbrains.kotlin.codegen.CompilationException                               : loaded 2 times (x 92B)
Class [Lorg.objectweb.asm.AnnotationWriter;                                           : loaded 2 times (x 66B)
Class com.google.common.primitives.Ints$IntConverter                                  : loaded 2 times (x 87B)
Class com.google.common.collect.Maps$8                                                : loaded 2 times (x 79B)
Class kotlin.Triple                                                                   : loaded 2 times (x 69B)
Class kotlin.collections.ArrayAsCollection                                            : loaded 2 times (x 102B)
Class kotlin.text.Regex                                                               : loaded 2 times (x 69B)
Class kotlin.LazyKt__LazyKt                                                           : loaded 2 times (x 68B)
Class kotlin.text.StringsKt__StringBuilderJVMKt                                       : loaded 2 times (x 68B)
Class com.google.common.collect.Sets$SetView                                          : loaded 2 times (x 135B)
Class com.google.common.cache.LocalCache$StrongValueReference                         : loaded 2 times (x 87B)
Class com.google.common.util.concurrent.AbstractFuture$SynchronizedHelper             : loaded 2 times (x 75B)
Class com.google.common.base.CharMatcher$Invisible                                    : loaded 2 times (x 109B)
Class kotlin.jvm.internal.Ref$ObjectRef                                               : loaded 2 times (x 69B)
Class kotlin.jvm.internal.ReflectionFactory                                           : loaded 2 times (x 88B)
Class kotlin.UNINITIALIZED_VALUE                                                      : loaded 2 times (x 68B)
Class [Lorg.jetbrains.kotlin.config.JVMAssertionsMode;                                : loaded 2 times (x 66B)
Class org.jetbrains.kotlin.config.JVMAssertionsMode                                   : loaded 2 times (x 76B)
Class org.objectweb.asm.Type                                                          : loaded 2 times (x 69B)
Class org.gradle.internal.classloader.VisitableURLClassLoader$InstrumentingVisitableURLClassLoader: loaded 2 times (x 120B)
Class [Lkotlin.reflect.jvm.internal.impl.resolve.jvm.JvmPrimitiveType;                : loaded 2 times (x 66B)
Class kotlin.sequences.SequencesKt__SequencesKt                                       : loaded 2 times (x 68B)
Class kotlin.comparisons.ComparisonsKt__ComparisonsKt                                 : loaded 2 times (x 68B)
Class kotlin.collections.SetsKt___SetsKt                                              : loaded 2 times (x 68B)
Class kotlin.jvm.internal.ClassBasedDeclarationContainer                              : loaded 2 times (x 67B)
Class kotlin.ranges.RangesKt__RangesKt                                                : loaded 2 times (x 68B)
Class org.jetbrains.kotlin.cli.common.arguments.ParseCommandLineArgumentsKt$parseCommandLineArguments$errors$1: loaded 2 times (x 76B)
Class org.objectweb.asm.ByteVector                                                    : loaded 2 times (x 76B)
Class [Lcom.google.common.cache.CacheBuilder$NullListener;                            : loaded 2 times (x 66B)
Class com.google.common.math.IntMath$1                                                : loaded 2 times (x 68B)
Class org.gradle.internal.classloader.VisitableURLClassLoader$Spec                    : loaded 2 times (x 71B)
Class org.gradle.internal.classpath.DefaultClassPath                                  : loaded 2 times (x 87B)
Class kotlin.sequences.FilteringSequence                                              : loaded 2 times (x 72B)
Class kotlin.comparisons.ComparisonsKt                                                : loaded 2 times (x 68B)
Class kotlin.comparisons.ComparisonsKt___ComparisonsKt                                : loaded 2 times (x 68B)
Class kotlin.reflect.jvm.internal.KMutableProperty1Impl$_setter$1                     : loaded 2 times (x 76B)
Class kotlin.text.CharsKt__CharJVMKt                                                  : loaded 2 times (x 68B)
Class org.objectweb.asm.Symbol                                                        : loaded 2 times (x 70B)
Class com.google.common.base.AbstractIterator                                         : loaded 2 times (x 77B)
Class kotlin.reflect.KType                                                            : loaded 2 times (x 67B)
Class com.google.common.collect.ImmutableSet                                          : loaded 2 times (x 142B)
Class com.google.common.collect.RegularImmutableMap$Values                            : loaded 2 times (x 204B)
Class com.google.common.base.CharMatcher$BitSetMatcher                                : loaded 2 times (x 109B)
Class com.google.common.base.CharMatcher$Ascii                                        : loaded 2 times (x 109B)
Class org.gradle.internal.classloader.ClassLoaderSpec                                 : loaded 2 times (x 68B)
Class kotlin.jvm.internal.FunctionReferenceImpl                                       : loaded 2 times (x 119B)
Class kotlin.reflect.jvm.internal.ReflectProperties$Val$1                             : loaded 2 times (x 68B)
Class kotlin.collections.CollectionsKt___CollectionsJvmKt                             : loaded 2 times (x 68B)
Class org.objectweb.asm.AnnotationWriter                                              : loaded 2 times (x 76B)
Class com.google.common.cache.CacheStats                                              : loaded 2 times (x 68B)
Class kotlin.sequences.SequencesKt___SequencesJvmKt                                   : loaded 2 times (x 68B)
Class kotlin.Unit                                                                     : loaded 2 times (x 68B)
Class kotlin.TuplesKt                                                                 : loaded 2 times (x 68B)
Class kotlin.jvm.internal.markers.KMutableIterable                                    : loaded 2 times (x 67B)
Class org.objectweb.asm.RecordComponentWriter                                         : loaded 2 times (x 75B)
Class com.google.common.util.concurrent.AbstractFuture$Listener                       : loaded 2 times (x 69B)
Class com.google.common.base.CharMatcher$Or                                           : loaded 2 times (x 109B)
Class Settings_gradle$1$1                                                             : loaded 2 times (x 71B)
Class kotlin.ranges.RangesKt                                                          : loaded 2 times (x 68B)
Class org.jetbrains.kotlin.config.Services$Builder                                    : loaded 2 times (x 69B)
Class org.objectweb.asm.Attribute                                                     : loaded 2 times (x 74B)
Class com.google.common.base.Supplier                                                 : loaded 2 times (x 67B)
Class org.gradle.internal.classloader.VisitableURLClassLoader                         : loaded 2 times (x 114B)
Class [Lkotlin.DeprecationLevel;                                                      : loaded 2 times (x 66B)
Class kotlin.sequences.GeneratorSequence                                              : loaded 2 times (x 72B)
Class kotlin.sequences.FlatteningSequence$iterator$1                                  : loaded 2 times (x 76B)
Class kotlin.reflect.jvm.internal.KClassImpl                                          : loaded 2 times (x 112B)
Class kotlin.jvm.functions.Function0                                                  : loaded 2 times (x 67B)
Class kotlin.collections.ArraysUtilJVM                                                : loaded 2 times (x 68B)
Class com.google.common.util.concurrent.AbstractFuture$Waiter                         : loaded 2 times (x 69B)
Class Settings_gradle                                                                 : loaded 2 times (x 125B)
Class org.gradle.internal.Cast                                                        : loaded 2 times (x 68B)
Class org.gradle.api.Action                                                           : loaded 2 times (x 67B)
Class kotlin.collections.AbstractMutableList                                          : loaded 2 times (x 203B)
Class kotlin.properties.ReadWriteProperty                                             : loaded 2 times (x 67B)
Class org.jetbrains.kotlin.cli.common.messages.GradleStyleMessageRenderer             : loaded 2 times (x 75B)
Class kotlin.jvm.functions.Function1                                                  : loaded 2 times (x 67B)
Class com.google.common.collect.Sets                                                  : loaded 2 times (x 68B)
Class org.objectweb.asm.Handler                                                       : loaded 2 times (x 69B)
Class com.google.common.base.Ticker                                                   : loaded 2 times (x 69B)
Class com.google.common.base.Strings                                                  : loaded 2 times (x 68B)
Class com.google.common.base.CharMatcher$FastMatcher                                  : loaded 2 times (x 108B)
Class org.gradle.internal.agents.InstrumentingClassLoader                             : loaded 2 times (x 67B)
Class kotlin.reflect.jvm.internal.KCallableImpl$_typeParameters$1                     : loaded 2 times (x 76B)
Class kotlin.jvm.functions.Function2                                                  : loaded 2 times (x 67B)
Class kotlin.jvm.internal.markers.KMutableIterator                                    : loaded 2 times (x 67B)
Class [Lcom.google.common.cache.LocalCache$Segment;                                   : loaded 2 times (x 66B)
Class [Lcom.google.common.cache.LocalCache$Strength;                                  : loaded 2 times (x 66B)
Class com.google.common.cache.CacheBuilder$1                                          : loaded 2 times (x 82B)
Class com.google.common.collect.ImmutableMap                                          : loaded 2 times (x 117B)
Class com.google.common.base.Predicate                                                : loaded 2 times (x 67B)
Class org.gradle.internal.classpath.DefaultClassPath$ImmutableUniqueList$Builder      : loaded 2 times (x 72B)
Class kotlin.reflect.jvm.internal.KDeclarationContainerImpl$Data                      : loaded 2 times (x 69B)
Class kotlin.reflect.jvm.internal.KProperty1Impl$_getter$1                            : loaded 2 times (x 76B)
Class kotlin.jvm.functions.Function3                                                  : loaded 2 times (x 67B)
Class kotlin.collections.MapsKt___MapsJvmKt                                           : loaded 2 times (x 68B)
Class org.jetbrains.kotlin.utils.exceptions.KotlinExceptionWithAttachments            : loaded 2 times (x 67B)
Class com.google.common.cache.LocalCache                                              : loaded 2 times (x 184B)
Class com.google.common.cache.CacheBuilder$2                                          : loaded 2 times (x 69B)
Class com.google.common.base.CharMatcher$NegatedFastMatcher                           : loaded 2 times (x 110B)
Class kotlin.reflect.jvm.internal.impl.builtins.PrimitiveType$Companion               : loaded 2 times (x 68B)
Class kotlin.reflect.jvm.internal.KClassImpl$Data$typeParameters$2                    : loaded 2 times (x 76B)
Class kotlin.reflect.jvm.internal.KClassImpl$Data                                     : loaded 2 times (x 69B)
Class kotlin.jvm.functions.Function4                                                  : loaded 2 times (x 67B)
Class org.jetbrains.kotlin.config.LanguageVersion                                     : loaded 2 times (x 88B)
Class kotlin.annotation.Target                                                        : loaded 2 times (x 67B)
Class kotlin.collections.EmptySet                                                     : loaded 2 times (x 119B)
Class kotlin.collections.CollectionsKt___CollectionsKt                                : loaded 2 times (x 68B)
Class org.jetbrains.kotlin.cli.common.arguments.K2JVMCompilerArguments                : loaded 2 times (x 78B)
Class [Lcom.google.common.collect.AbstractMapEntry;                                   : loaded 2 times (x 66B)
Class com.google.common.collect.ImmutableEntry                                        : loaded 2 times (x 79B)
Class com.google.common.collect.ArrayListMultimap                                     : loaded 2 times (x 169B)
Class com.google.common.base.AbstractIterator$1                                       : loaded 2 times (x 68B)
Class com.google.common.base.CharMatcher$Digit                                        : loaded 2 times (x 109B)
Class org.gradle.api.GradleException                                                  : loaded 2 times (x 79B)
Class kotlin.jvm.functions.Function5                                                  : loaded 2 times (x 67B)
Class kotlin.annotation.Retention                                                     : loaded 2 times (x 67B)
Class kotlin.text.StringsKt___StringsJvmKt                                            : loaded 2 times (x 68B)
Class kotlin.reflect.KDeclarationContainer                                            : loaded 2 times (x 67B)
Class org.apache.commons.io.StandardLineSeparator                                     : loaded 2 times (x 76B)
Class com.google.common.collect.CollectPreconditions                                  : loaded 2 times (x 68B)
Class com.google.common.base.CharMatcher$JavaIsoControl                               : loaded 2 times (x 109B)
Class kotlin.jvm.functions.Function6                                                  : loaded 2 times (x 67B)
Class kotlin.reflect.jvm.internal.KPropertyImpl$_descriptor$1                         : loaded 2 times (x 76B)
Class kotlin.io.FilesKt                                                               : loaded 2 times (x 68B)
Class kotlin.reflect.jvm.internal.KTypeParameterOwnerImpl                             : loaded 2 times (x 67B)
Class kotlin.collections.MapsKt___MapsKt                                              : loaded 2 times (x 68B)
Class kotlin.collections.ArraysKt___ArraysKt                                          : loaded 2 times (x 68B)
Class com.google.common.collect.SortedMapDifference                                   : loaded 2 times (x 67B)
Class com.google.common.base.CharMatcher$JavaLowerCase                                : loaded 2 times (x 108B)
Class kotlin.jvm.functions.Function7                                                  : loaded 2 times (x 67B)
Class kotlin.reflect.jvm.internal.impl.name.Name                                      : loaded 2 times (x 72B)
Class kotlin.reflect.jvm.internal.KPropertyImpl$Companion                             : loaded 2 times (x 68B)
Class kotlin.collections.MapsKt__MapWithDefaultKt                                     : loaded 2 times (x 68B)
Class org.jetbrains.kotlin.cli.common.arguments.CommonCompilerArguments               : loaded 2 times (x 77B)
Class com.google.common.cache.LocalCache$EntryFactory                                 : loaded 2 times (x 80B)
Class kotlin.jvm.functions.Function8                                                  : loaded 2 times (x 67B)
Class kotlin.reflect.jvm.internal.impl.name.FqNameUnsafe                              : loaded 2 times (x 69B)
Class kotlin.collections.builders.MapBuilder$Companion                                : loaded 2 times (x 68B)
Class kotlin.collections.CollectionsKt__MutableCollectionsJVMKt                       : loaded 2 times (x 68B)
Class kotlin.text.StringsKt___StringsKt                                               : loaded 2 times (x 68B)
Class kotlin.enums.EnumEntriesKt                                                      : loaded 2 times (x 68B)
Class com.google.common.cache.LocalCache$AbstractReferenceEntry                       : loaded 2 times (x 104B)
Class com.google.common.base.Splitter$1$1                                             : loaded 2 times (x 83B)
Class com.google.common.base.CharMatcher$Whitespace                                   : loaded 2 times (x 109B)
Class org.gradle.internal.IoActions                                                   : loaded 2 times (x 68B)
Class kotlin.jvm.functions.Function10                                                 : loaded 2 times (x 67B)
Class kotlin.jvm.functions.Function9                                                  : loaded 2 times (x 67B)
Class kotlin.reflect.jvm.internal.KClassImpl$Data$allNonStaticMembers$2               : loaded 2 times (x 76B)
Class kotlin.annotation.MustBeDocumented                                              : loaded 2 times (x 67B)
Class [Lkotlin.LazyThreadSafetyMode;                                                  : loaded 2 times (x 66B)
Class [Lkotlin.reflect.KClassifier;                                                   : loaded 2 times (x 66B)
Class kotlin.reflect.jvm.internal.EmptyContainerForLocal                              : loaded 2 times (x 81B)
Class org.jetbrains.kotlin.utils.KotlinExceptionWithAttachments                       : loaded 2 times (x 91B)
Class org.objectweb.asm.SymbolTable                                                   : loaded 2 times (x 69B)
Class com.google.common.cache.CacheLoader$InvalidCacheLoadException                   : loaded 2 times (x 79B)
Class com.google.common.collect.ImmutableSet$RegularSetBuilderImpl                    : loaded 2 times (x 74B)
Class com.google.common.base.CharMatcher$SingleWidth                                  : loaded 2 times (x 109B)
Class org.gradle.internal.classloader.SystemClassLoaderSpec                           : loaded 2 times (x 68B)
Class kotlin.jvm.functions.Function11                                                 : loaded 2 times (x 67B)
Class kotlin.reflect.jvm.internal.KClassImpl$Data$sealedSubclasses$2                  : loaded 2 times (x 76B)
Class kotlin.ranges.IntRange$Companion                                                : loaded 2 times (x 68B)
Class kotlin.jvm.internal.markers.KMutableCollection                                  : loaded 2 times (x 67B)
Class kotlin.collections.EmptyMap                                                     : loaded 2 times (x 106B)
Class kotlin.reflect.KAnnotatedElement                                                : loaded 2 times (x 67B)
Class kotlin.jvm.internal.Intrinsics                                                  : loaded 2 times (x 68B)
Class com.google.common.cache.LocalCache$StrongEntry                                  : loaded 2 times (x 105B)
Class com.google.common.util.concurrent.AbstractFuture$TrustedFuture                  : loaded 2 times (x 111B)
Class com.google.common.cache.LoadingCache                                            : loaded 2 times (x 67B)
Class kotlin.jvm.functions.Function12                                                 : loaded 2 times (x 67B)
Class kotlin.sequences.SequencesKt__SequencesKt$flatten$1                             : loaded 2 times (x 75B)
Class kotlin.collections.MapsKt                                                       : loaded 2 times (x 68B)
Class kotlin.collections.CollectionsKt__IterablesKt                                   : loaded 2 times (x 68B)
Class org.objectweb.asm.MethodWriter                                                  : loaded 2 times (x 103B)
Class [Lcom.google.common.cache.Weigher;                                              : loaded 2 times (x 66B)
Class com.google.common.collect.RegularImmutableMap$BucketOverflowException           : loaded 2 times (x 79B)
Class kotlin.jvm.functions.Function13                                                 : loaded 2 times (x 67B)
Class kotlin.text.Charsets                                                            : loaded 2 times (x 68B)
Class kotlin.ranges.OpenEndRange                                                      : loaded 2 times (x 67B)
Class org.jetbrains.kotlin.cli.common.CompilerSystemProperties$Companion              : loaded 2 times (x 68B)
Class kotlin.KotlinNullPointerException                                               : loaded 2 times (x 80B)
Class kotlin.jvm.functions.Function14                                                 : loaded 2 times (x 67B)
Class kotlin.sequences.SequencesKt__SequencesKt$flatten$3                             : loaded 2 times (x 75B)
Class kotlin.ranges.RangesKt___RangesKt                                               : loaded 2 times (x 68B)
Class [Lorg.jetbrains.kotlin.config.ExplicitApiMode;                                  : loaded 2 times (x 66B)
Class com.google.common.collect.RegularImmutableBiMap                                 : loaded 2 times (x 145B)
Class com.google.common.cache.LocalCache$ValueReference                               : loaded 2 times (x 67B)
Class com.google.common.base.CharMatcher$Negated                                      : loaded 2 times (x 110B)
Class com.google.common.base.CharMatcher$Is                                           : loaded 2 times (x 108B)
Class kotlin.jvm.functions.Function15                                                 : loaded 2 times (x 67B)
Class org.jetbrains.kotlin.com.intellij.openapi.diagnostic.Attachment                 : loaded 2 times (x 69B)
Class kotlin.text.CharsKt__CharKt                                                     : loaded 2 times (x 68B)
Class kotlin.collections.ArraysKt                                                     : loaded 2 times (x 68B)
Class org.jetbrains.kotlin.cli.common.arguments.CommonToolArguments                   : loaded 2 times (x 70B)
Class com.google.common.util.concurrent.AbstractFuture$Failure                        : loaded 2 times (x 69B)
Class com.google.common.base.Equivalence$Equals                                       : loaded 2 times (x 79B)
Class com.google.common.collect.Hashing                                               : loaded 2 times (x 68B)
Class com.google.common.base.PatternCompiler                                          : loaded 2 times (x 67B)
Class com.google.common.base.Preconditions                                            : loaded 2 times (x 68B)
Class kotlin.jvm.functions.Function16                                                 : loaded 2 times (x 67B)
Class kotlin.collections.SetsKt__SetsKt                                               : loaded 2 times (x 68B)
Class kotlin.LazyKt                                                                   : loaded 2 times (x 68B)
Class com.google.common.base.Joiner$1                                                 : loaded 2 times (x 77B)
Class org.objectweb.asm.Label                                                         : loaded 2 times (x 70B)
Class org.objectweb.asm.CurrentFrame                                                  : loaded 2 times (x 70B)
Class org.objectweb.asm.ClassTooLargeException                                        : loaded 2 times (x 80B)
Class com.google.common.collect.PeekingIterator                                       : loaded 2 times (x 67B)
Class com.google.common.base.CharMatcher                                              : loaded 2 times (x 108B)
Class kotlin.jvm.functions.Function17                                                 : loaded 2 times (x 67B)
Class kotlin.InitializedLazyImpl                                                      : loaded 2 times (x 73B)
Class kotlin.collections.ArraysKt__ArraysJVMKt                                        : loaded 2 times (x 68B)
Class com.google.common.base.Joiner$2                                                 : loaded 2 times (x 76B)
Class org.objectweb.asm.Frame                                                         : loaded 2 times (x 70B)
Class org.objectweb.asm.MethodVisitor                                                 : loaded 2 times (x 102B)
Class com.google.common.cache.LocalCache$EntryFactory$1                               : loaded 2 times (x 80B)
Class [Lcom.google.common.cache.RemovalListener;                                      : loaded 2 times (x 66B)
Class com.google.common.base.CharMatcher$1                                            : loaded 2 times (x 110B)
Class com.google.common.base.CharMatcher$NamedFastMatcher                             : loaded 2 times (x 109B)
Class kotlin.jvm.functions.Function18                                                 : loaded 2 times (x 67B)
Class kotlin.text.StringsKt__StringBuilderKt                                          : loaded 2 times (x 68B)
Class kotlin.jvm.internal.CallableReference$NoReceiver                                : loaded 2 times (x 68B)
Class com.google.common.cache.LocalCache$EntryFactory$2                               : loaded 2 times (x 80B)
Class kotlin.jvm.functions.Function19                                                 : loaded 2 times (x 67B)
Class kotlin.reflect.jvm.internal.KClassImpl$Data$allStaticMembers$2                  : loaded 2 times (x 76B)
Class kotlin.reflect.KMutableProperty$Setter                                          : loaded 2 times (x 67B)
Class kotlin.Lazy                                                                     : loaded 2 times (x 67B)
Class kotlin.NoWhenBranchMatchedException                                             : loaded 2 times (x 79B)
Class org.objectweb.asm.ModuleWriter                                                  : loaded 2 times (x 79B)
Class com.google.common.cache.LocalCache$EntryFactory$3                               : loaded 2 times (x 80B)
Class com.google.common.base.Ticker$1                                                 : loaded 2 times (x 69B)
Class com.google.common.collect.ImmutableMapEntrySet$RegularEntrySet                  : loaded 2 times (x 148B)
Class com.google.common.collect.Maps$BiMapConverter                                   : loaded 2 times (x 87B)
Class org.jetbrains.kotlin.cli.common.messages.MessageRenderer                        : loaded 2 times (x 67B)
Class com.google.common.cache.LocalCache$EntryFactory$4                               : loaded 2 times (x 80B)
Class com.google.common.collect.ImmutableSet$Builder                                  : loaded 2 times (x 82B)
Class com.google.common.base.CharMatcher$InRange                                      : loaded 2 times (x 108B)
Class kotlin.sequences.ConstrainedOnceSequence                                        : loaded 2 times (x 72B)
Class kotlin.reflect.jvm.internal.KCallableImpl$_parameters$1                         : loaded 2 times (x 76B)
Class com.google.common.cache.LocalCache$EntryFactory$5                               : loaded 2 times (x 80B)
Class kotlin.reflect.jvm.internal.KClassImpl$Data$simpleName$2                        : loaded 2 times (x 76B)
Class [Lkotlin.reflect.KProperty;                                                     : loaded 2 times (x 66B)
Class org.jetbrains.kotlin.config.JVMAssertionsMode$Companion                         : loaded 2 times (x 68B)
Class kotlin.jvm.internal.markers.KMappedMarker                                       : loaded 2 times (x 67B)
Class kotlin.sequences.FlatteningSequence                                             : loaded 2 times (x 72B)
Class org.apache.commons.io.output.AppendableWriter                                   : loaded 2 times (x 97B)
Class com.google.common.cache.LocalCache$EntryFactory$6                               : loaded 2 times (x 80B)
Class org.gradle.internal.installation.CurrentGradleInstallationLocator               : loaded 2 times (x 68B)
Class org.apache.commons.io.output.ThresholdingOutputStream                           : loaded 2 times (x 91B)
Class com.google.common.collect.Maps$KeySet                                           : loaded 2 times (x 134B)
Class com.google.common.cache.LocalCache$EntryFactory$7                               : loaded 2 times (x 80B)
Class com.google.common.collect.ImmutableSet$EmptySetBuilderImpl                      : loaded 2 times (x 73B)
Class com.google.common.collect.ImmutableList                                         : loaded 2 times (x 203B)
Class org.gradle.internal.service.DefaultServiceLocator                               : loaded 2 times (x 80B)
Class kotlin.properties.ObservableProperty                                            : loaded 2 times (x 80B)
Class kotlin.reflect.KMutableProperty0                                                : loaded 2 times (x 67B)
Class kotlin.reflect.KClassifier                                                      : loaded 2 times (x 67B)
Class org.jetbrains.kotlin.util.capitalizeDecapitalize.CapitalizeDecapitalizeKt       : loaded 2 times (x 68B)
Class com.google.common.cache.LocalCache$EntryFactory$8                               : loaded 2 times (x 80B)
Class com.google.common.collect.ImmutableSet$SetBuilderImpl                           : loaded 2 times (x 73B)
Class org.gradle.internal.installation.CurrentGradleInstallation                      : loaded 2 times (x 70B)
Class kotlin.jvm.internal.Ref$BooleanRef                                              : loaded 2 times (x 68B)
Class kotlin.jvm.internal.StringCompanionObject                                       : loaded 2 times (x 68B)
Class kotlin.reflect.KMutableProperty1                                                : loaded 2 times (x 67B)
Class com.google.common.cache.CacheLoader$1                                           : loaded 2 times (x 72B)
Class com.google.common.collect.ImmutableList$SubList                                 : loaded 2 times (x 205B)
Class org.gradle.util.internal.GUtil                                                  : loaded 2 times (x 68B)
Class kotlin.io.NoSuchFileException                                                   : loaded 2 times (x 79B)
Class kotlin.reflect.KMutableProperty2                                                : loaded 2 times (x 67B)
Class kotlin.collections.CollectionsKt                                                : loaded 2 times (x 68B)
Class com.google.common.util.concurrent.AbstractFuture$SetFuture                      : loaded 2 times (x 72B)
Class com.google.common.cache.AbstractCache$StatsCounter                              : loaded 2 times (x 67B)
Class kotlin.reflect.jvm.internal.RuntimeTypeMapper                                   : loaded 2 times (x 68B)
Class kotlin.ranges.IntProgressionIterator                                            : loaded 2 times (x 79B)
Class org.jetbrains.kotlin.com.intellij.openapi.diagnostic.ExceptionWithAttachments   : loaded 2 times (x 67B)
Class com.google.common.collect.Iterators$MergingIterator                             : loaded 2 times (x 78B)
Class com.google.common.collect.RegularImmutableSet                                   : loaded 2 times (x 145B)
Class org.gradle.internal.installation.GradleInstallation                             : loaded 2 times (x 72B)
Class org.jetbrains.kotlin.config.LanguageFeature$State                               : loaded 2 times (x 79B)
Class kotlin.reflect.jvm.internal.KPackageImpl$data$1                                 : loaded 2 times (x 76B)
Class com.google.common.collect.Iterables                                             : loaded 2 times (x 68B)
Class com.google.common.base.Splitter$Strategy                                        : loaded 2 times (x 67B)
Class org.jetbrains.kotlin.com.intellij.openapi.diagnostic.DefaultLogger              : loaded 2 times (x 95B)
Class kotlin.ranges.IntProgression                                                    : loaded 2 times (x 78B)
Class kotlin.jvm.KotlinReflectionNotSupportedError                                    : loaded 2 times (x 79B)

---------------  S Y S T E M  ---------------

OS:
 Windows 11 , 64 bit Build 26100 (10.0.26100.8246)
OS uptime: 14 days 14:13 hours

CPU: total 20 (initial active 20) (10 cores per cpu, 2 threads per core) family 6 model 151 stepping 2 microcode 0x34, cx8, cmov, fxsr, ht, mmx, 3dnowpref, sse, sse2, sse3, ssse3, sse4.1, sse4.2, popcnt, lzcnt, tsc, tscinvbit, avx, avx2, aes, erms, clmul, bmi1, bmi2, adx, sha, fma, vzeroupper, clflush, clflushopt, clwb, serialize, rdtscp, rdpid, fsrm, f16c, pku, cet_ibt, cet_ss
Processor Information for all 20 processors :
  Max Mhz: 3600, Current Mhz: 3600, Mhz Limit: 3600

Memory: 4k page, system-wide physical 32581M (2352M free)
TotalPageFile size 64583M (AvailPageFile size 13M)
current process WorkingSet (physical memory assigned to process): 736M, peak: 739M
current process commit charge ("private bytes"): 780M, peak: 783M

vm_info: OpenJDK 64-Bit Server VM (21.0.3+-12282718-b509.11) for windows-amd64 JRE (21.0.3+-12282718-b509.11), built on 2024-08-27T17:34:15Z by "builder" with MS VC++ 16.10 / 16.11 (VS2019)

END.
